image_id,source_image_id,image_file,gt_file,is_augmented,augmentation_index,backend,seed,caption,prompt,negative_prompt,style_tag,mean_abs_pixel_change,max_abs_pixel_change,change_entropy,cross_attention_used,cross_attention_num_maps,cross_attention_map_entropy,selected_token_index,selected_token,selected_token_score,gt_entropy,pseudo_gt_entropy
IMG002_10100,IMG002_10100,IMG002_10100.jpg,IMG002_10100.npy,0,-1,original_copy,,A man with a building model on his head holds small toy airplanes.,,,,0.0,0.0,0.0,0,0,0.0,-1,,0.0,12.613530416435424,12.613530416435424
IMG002_10100_AUG000,IMG002_10100,IMG002_10100_AUG000.jpg,IMG002_10100_AUG000.npy,1,0,opencv_caption_style,1173222463,A man with a building model on his head holds small toy airplanes.,"Photorealistic image edit of the same scene: A man with a building model on his head holds small toy airplanes. Apply soft diffused lighting, with mild zoom variation. Preserve scene structure, object identities, and spatial layout.",,soft diffused lighting,37.08208465576172,243.0,12.814124171667572,0,0,0.0,-1,,0.0,12.613530416435424,12.562281894977332
IMG003_10000,IMG003_10000,IMG003_10000.jpg,IMG003_10000.npy,0,-1,original_copy,,A hand holds a finger near the missing nose of a stone bust.,,,,0.0,0.0,0.0,0,0,0.0,-1,,0.0,12.419412229844966,12.419412229844966
IMG003_10000_AUG000,IMG003_10000,IMG003_10000_AUG000.jpg,IMG003_10000_AUG000.npy,1,0,opencv_caption_style,1885709471,A hand holds a finger near the missing nose of a stone bust.,"Photorealistic image edit of the same scene: A hand holds a finger near the missing nose of a stone bust. Apply clean studio-like lighting, with slightly shifted viewpoint. Preserve scene structure, object identities, and spatial layout.",,clean studio-like lighting,31.535091400146484,245.0,12.807506358638307,0,0,0.0,-1,,0.0,12.419412229844966,12.268377709503511
IMG004_10100,IMG004_10100,IMG004_10100.jpg,IMG004_10100.npy,0,-1,original_copy,,A man sits on a bench near a phone hanging from a pillar.,,,,0.0,0.0,0.0,0,0,0.0,-1,,0.0,12.651877351560415,12.651877351560415
IMG004_10100_AUG000,IMG004_10100,IMG004_10100_AUG000.jpg,IMG004_10100_AUG000.npy,1,0,opencv_caption_style,1561234711,A man sits on a bench near a phone hanging from a pillar.,"Photorealistic image edit of the same scene: A man sits on a bench near a phone hanging from a pillar. Apply clean studio-like lighting, with small focal-length variation. Preserve scene structure, object identities, and spatial layout.",,clean studio-like lighting,44.45334243774414,255.0,13.052429664373904,0,0,0.0,-1,,0.0,12.651877351560415,12.636100062229161
IMG005_10100,IMG005_10100,IMG005_10100.jpg,IMG005_10100.npy,0,-1,original_copy,,A person sits on the shoulders of another person in a formal room.,,,,0.0,0.0,0.0,0,0,0.0,-1,,0.0,12.517044393799097,12.517044393799097
IMG005_10100_AUG000,IMG005_10100,IMG005_10100_AUG000.jpg,IMG005_10100_AUG000.npy,1,0,opencv_caption_style,398418263,A person sits on the shoulders of another person in a formal room.,"Photorealistic image edit of the same scene: A person sits on the shoulders of another person in a formal room. Apply documentary photograph style, with small focal-length variation. Preserve scene structure, object identities, and spatial layout.",,documentary photograph style,34.62433624267578,238.0,13.024679322780855,0,0,0.0,-1,,0.0,12.517044393799097,12.487355625079545
IMG006_10000,IMG006_10000,IMG006_10000.jpg,IMG006_10000.npy,0,-1,original_copy,,A large airplane wing flies over a ground covered in colorful play mats.,,,,0.0,0.0,0.0,0,0,0.0,-1,,0.0,13.019413423523929,13.019413423523929
IMG006_10000_AUG000,IMG006_10000,IMG006_10000_AUG000.jpg,IMG006_10000_AUG000.npy,1,0,opencv_caption_style,1160081537,A large airplane wing flies over a ground covered in colorful play mats.,"Photorealistic image edit of the same scene: A large airplane wing flies over a ground covered in colorful play mats. Apply soft diffused lighting, with slightly shifted viewpoint. Preserve scene structure, object identities, and spatial layout.",,soft diffused lighting,37.80433654785156,213.0,13.142057738777225,0,0,0.0,-1,,0.0,13.019413423523929,13.006428242683114
IMG007_10000,IMG007_10000,IMG007_10000.jpg,IMG007_10000.npy,0,-1,original_copy,,A silver car sits parked across white lines in an asphalt parking lot.,,,,0.0,0.0,0.0,0,0,0.0,-1,,0.0,12.572525842695995,12.572525842695995
IMG007_10000_AUG000,IMG007_10000,IMG007_10000_AUG000.jpg,IMG007_10000_AUG000.npy,1,0,opencv_caption_style,1977618667,A silver car sits parked across white lines in an asphalt parking lot.,"Photorealistic image edit of the same scene: A silver car sits parked across white lines in an asphalt parking lot. Apply high dynamic range, with subtle framing change. Preserve scene structure, object identities, and spatial layout.",,high dynamic range,39.873809814453125,251.0,12.989593512170018,0,0,0.0,-1,,0.0,12.572525842695995,12.451934557348068
IMG008_10100,IMG008_10100,IMG008_10100.jpg,IMG008_10100.npy,0,-1,original_copy,,A man sitting at a table looks at a tablet displaying a face.,,,,0.0,0.0,0.0,0,0,0.0,-1,,0.0,12.580678227529916,12.580678227529916
IMG008_10100_AUG000,IMG008_10100,IMG008_10100_AUG000.jpg,IMG008_10100_AUG000.npy,1,0,opencv_caption_style,840791536,A man sitting at a table looks at a tablet displaying a face.,"Photorealistic image edit of the same scene: A man sitting at a table looks at a tablet displaying a face. Apply high dynamic range, with mild zoom variation. Preserve scene structure, object identities, and spatial layout.",,high dynamic range,30.77749252319336,255.0,13.041846465159153,0,0,0.0,-1,,0.0,12.580678227529916,12.524557938603266
IMG010_10000,IMG010_10000,IMG010_10000.jpg,IMG010_10000.npy,0,-1,original_copy,,A hand holds a photograph and a colorful ribbon before a large building.,,,,0.0,0.0,0.0,0,0,0.0,-1,,0.0,12.659451469685791,12.659451469685791
IMG010_10000_AUG000,IMG010_10000,IMG010_10000_AUG000.jpg,IMG010_10000_AUG000.npy,1,0,opencv_caption_style,2032734713,A hand holds a photograph and a colorful ribbon before a large building.,"Photorealistic image edit of the same scene: A hand holds a photograph and a colorful ribbon before a large building. Apply cinematic natural lighting, with small focal-length variation. Preserve scene structure, object identities, and spatial layout.",,cinematic natural lighting,46.244415283203125,240.0,13.18146652291398,0,0,0.0,-1,,0.0,12.659451469685791,12.659878679347457
IMG011_01001,IMG011_01001,IMG011_01001.jpg,IMG011_01001.npy,0,-1,original_copy,,There is a wall of text with a lone person standing on a paved road in the background.,,,,0.0,0.0,0.0,0,0,0.0,-1,,0.0,12.601107006686107,12.601107006686107
IMG011_01001_AUG000,IMG011_01001,IMG011_01001_AUG000.jpg,IMG011_01001_AUG000.npy,1,0,opencv_caption_style,621707635,There is a wall of text with a lone person standing on a paved road in the background.,"Photorealistic image edit of the same scene: There is a wall of text with a lone person standing on a paved road in the background. Apply high dynamic range, with mild zoom variation. Preserve scene structure, object identities, and spatial layout.",,high dynamic range,40.419532775878906,255.0,13.057567471240139,0,0,0.0,-1,,0.0,12.601107006686107,12.521163520857272
IMG012_01001,IMG012_01001,IMG012_01001.jpg,IMG012_01001.npy,0,-1,original_copy,,There is a wall of text with large gray rocky mountains rising in the background.,,,,0.0,0.0,0.0,0,0,0.0,-1,,0.0,12.662841070101422,12.662841070101422
IMG012_01001_AUG000,IMG012_01001,IMG012_01001_AUG000.jpg,IMG012_01001_AUG000.npy,1,0,opencv_caption_style,1877991823,There is a wall of text with large gray rocky mountains rising in the background.,"Photorealistic image edit of the same scene: There is a wall of text with large gray rocky mountains rising in the background. Apply soft diffused lighting, with subtle framing change. Preserve scene structure, object identities, and spatial layout.",,soft diffused lighting,51.91530990600586,255.0,13.232719753423282,0,0,0.0,-1,,0.0,12.662841070101422,12.623437116802961
IMG014_01000,IMG014_01000,IMG014_01000.jpg,IMG014_01000.npy,0,-1,original_copy,,A brick manor house with a tall steeple sits beside a narrow canal.,,,,0.0,0.0,0.0,0,0,0.0,-1,,0.0,12.81925138566794,12.81925138566794
IMG014_01000_AUG000,IMG014_01000,IMG014_01000_AUG000.jpg,IMG014_01000_AUG000.npy,1,0,opencv_caption_style,991470358,A brick manor house with a tall steeple sits beside a narrow canal.,"Photorealistic image edit of the same scene: A brick manor house with a tall steeple sits beside a narrow canal. Apply slightly warm color grading, with mild zoom variation. Preserve scene structure, object identities, and spatial layout.",,slightly warm color grading,38.642757415771484,255.0,13.107956978561674,0,0,0.0,-1,,0.0,12.81925138566794,12.811592319270403
IMG015_01001,IMG015_01001,IMG015_01001.jpg,IMG015_01001.npy,0,-1,original_copy,,A large concrete structure with a banner stands above a body of water.,,,,0.0,0.0,0.0,0,0,0.0,-1,,0.0,12.390801913100404,12.390801913100404
IMG015_01001_AUG000,IMG015_01001,IMG015_01001_AUG000.jpg,IMG015_01001_AUG000.npy,1,0,opencv_caption_style,248555690,A large concrete structure with a banner stands above a body of water.,"Photorealistic image edit of the same scene: A large concrete structure with a banner stands above a body of water. Apply clean studio-like lighting, with subtle framing change. Preserve scene structure, object identities, and spatial layout.",,clean studio-like lighting,35.18254470825195,255.0,12.920393590718113,0,0,0.0,-1,,0.0,12.390801913100404,12.382791374721364
IMG017_01001,IMG017_01001,IMG017_01001.jpg,IMG017_01001.npy,0,-1,original_copy,,There is a wall of text with a dirt path in the background.,,,,0.0,0.0,0.0,0,0,0.0,-1,,0.0,12.580426304810317,12.580426304810317
IMG017_01001_AUG000,IMG017_01001,IMG017_01001_AUG000.jpg,IMG017_01001_AUG000.npy,1,0,opencv_caption_style,128339668,There is a wall of text with a dirt path in the background.,"Photorealistic image edit of the same scene: There is a wall of text with a dirt path in the background. Apply slightly warm color grading, with slightly shifted viewpoint. Preserve scene structure, object identities, and spatial layout.",,slightly warm color grading,34.900245666503906,255.0,13.007342595912405,0,0,0.0,-1,,0.0,12.580426304810317,12.470512028704206
IMG018_01000,IMG018_01000,IMG018_01000.jpg,IMG018_01000.npy,0,-1,original_copy,,Two tall pine trees stand before a wide frozen lake and distant mountains.,,,,0.0,0.0,0.0,0,0,0.0,-1,,0.0,12.863279335973402,12.863279335973402
IMG018_01000_AUG000,IMG018_01000,IMG018_01000_AUG000.jpg,IMG018_01000_AUG000.npy,1,0,opencv_caption_style,416035576,Two tall pine trees stand before a wide frozen lake and distant mountains.,"Photorealistic image edit of the same scene: Two tall pine trees stand before a wide frozen lake and distant mountains. Apply slightly warm color grading, with mild zoom variation. Preserve scene structure, object identities, and spatial layout.",,slightly warm color grading,52.660091400146484,255.0,12.868706710454461,0,0,0.0,-1,,0.0,12.863279335973402,12.831997553604651
IMG019_01000,IMG019_01000,IMG019_01000.jpg,IMG019_01000.npy,0,-1,original_copy,,Green pine trees grow in front of a massive red rock cliff face.,,,,0.0,0.0,0.0,0,0,0.0,-1,,0.0,13.166217232076633,13.166217232076633
IMG019_01000_AUG000,IMG019_01000,IMG019_01000_AUG000.jpg,IMG019_01000_AUG000.npy,1,0,opencv_caption_style,354346867,Green pine trees grow in front of a massive red rock cliff face.,"Photorealistic image edit of the same scene: Green pine trees grow in front of a massive red rock cliff face. Apply documentary photograph style, with mild zoom variation. Preserve scene structure, object identities, and spatial layout.",,documentary photograph style,52.70054626464844,255.0,13.22890043252869,0,0,0.0,-1,,0.0,13.166217232076633,13.15357416655661
IMG020_01000,IMG020_01000,IMG020_01000.jpg,IMG020_01000.npy,0,-1,original_copy,,A lit stone bridge with several arches spans across a dark blue river.,,,,0.0,0.0,0.0,0,0,0.0,-1,,0.0,12.81542126364593,12.81542126364593
IMG020_01000_AUG000,IMG020_01000,IMG020_01000_AUG000.jpg,IMG020_01000_AUG000.npy,1,0,opencv_caption_style,733875043,A lit stone bridge with several arches spans across a dark blue river.,"Photorealistic image edit of the same scene: A lit stone bridge with several arches spans across a dark blue river. Apply slightly cool color grading, with subtle framing change. Preserve scene structure, object identities, and spatial layout.",,slightly cool color grading,48.69211196899414,255.0,13.012041669885887,0,0,0.0,-1,,0.0,12.81542126364593,12.76478919219312
IMG021_01000,IMG021_01000,IMG021_01000.jpg,IMG021_01000.npy,0,-1,original_copy,,A large stone statue of a man stands centrally within an ornate building facade.,,,,0.0,0.0,0.0,0,0,0.0,-1,,0.0,12.804492818714607,12.804492818714607
IMG021_01000_AUG000,IMG021_01000,IMG021_01000_AUG000.jpg,IMG021_01000_AUG000.npy,1,0,opencv_caption_style,593910261,A large stone statue of a man stands centrally within an ornate building facade.,"Photorealistic image edit of the same scene: A large stone statue of a man stands centrally within an ornate building facade. Apply documentary photograph style, with mild zoom variation. Preserve scene structure, object identities, and spatial layout.",,documentary photograph style,33.212581634521484,210.0,13.184972112455227,0,0,0.0,-1,,0.0,12.804492818714607,12.794237285359031
IMG025_01000,IMG025_01000,IMG025_01000.jpg,IMG025_01000.npy,0,-1,original_copy,,People gather near a white lighthouse and a stone building under a dark sky.,,,,0.0,0.0,0.0,0,0,0.0,-1,,0.0,12.69821440047599,12.69821440047599
IMG025_01000_AUG000,IMG025_01000,IMG025_01000_AUG000.jpg,IMG025_01000_AUG000.npy,1,0,opencv_caption_style,1064702850,People gather near a white lighthouse and a stone building under a dark sky.,"Photorealistic image edit of the same scene: People gather near a white lighthouse and a stone building under a dark sky. Apply slightly cool color grading, with subtle framing change. Preserve scene structure, object identities, and spatial layout.",,slightly cool color grading,45.84433364868164,255.0,13.134158508405676,0,0,0.0,-1,,0.0,12.69821440047599,12.625574185959522
IMG026_01000,IMG026_01000,IMG026_01000.jpg,IMG026_01000.npy,0,-1,original_copy,,A stone church with a tall steeple stands among orange roofed houses and trees.,,,,0.0,0.0,0.0,0,0,0.0,-1,,0.0,12.834228094288846,12.834228094288846
IMG026_01000_AUG000,IMG026_01000,IMG026_01000_AUG000.jpg,IMG026_01000_AUG000.npy,1,0,opencv_caption_style,1213207565,A stone church with a tall steeple stands among orange roofed houses and trees.,"Photorealistic image edit of the same scene: A stone church with a tall steeple stands among orange roofed houses and trees. Apply soft diffused lighting, with mild zoom variation. Preserve scene structure, object identities, and spatial layout.",,soft diffused lighting,31.473905563354492,246.0,13.225813681482578,0,0,0.0,-1,,0.0,12.834228094288846,12.786124590133568
IMG028_01000,IMG028_01000,IMG028_01000.jpg,IMG028_01000.npy,0,-1,original_copy,,A rocky cliff covered in green and orange trees overlooks a dark green lake.,,,,0.0,0.0,0.0,0,0,0.0,-1,,0.0,12.822575549048452,12.822575549048452
IMG028_01000_AUG000,IMG028_01000,IMG028_01000_AUG000.jpg,IMG028_01000_AUG000.npy,1,0,opencv_caption_style,1929237531,A rocky cliff covered in green and orange trees overlooks a dark green lake.,"Photorealistic image edit of the same scene: A rocky cliff covered in green and orange trees overlooks a dark green lake. Apply slightly warm color grading, with small focal-length variation. Preserve scene structure, object identities, and spatial layout.",,slightly warm color grading,27.90005874633789,255.0,13.150505947027796,0,0,0.0,-1,,0.0,12.822575549048452,12.786679482963791
IMG029_01000,IMG029_01000,IMG029_01000.jpg,IMG029_01000.npy,0,-1,original_copy,,Three dead trees stand in a sandy desert against a large orange sand dune.,,,,0.0,0.0,0.0,0,0,0.0,-1,,0.0,12.73125983053751,12.73125983053751
IMG029_01000_AUG000,IMG029_01000,IMG029_01000_AUG000.jpg,IMG029_01000_AUG000.npy,1,0,opencv_caption_style,513827529,Three dead trees stand in a sandy desert against a large orange sand dune.,"Photorealistic image edit of the same scene: Three dead trees stand in a sandy desert against a large orange sand dune. Apply soft diffused lighting, with small focal-length variation. Preserve scene structure, object identities, and spatial layout.",,soft diffused lighting,20.444435119628906,215.0,13.230067799184098,0,0,0.0,-1,,0.0,12.73125983053751,12.666719968798134
IMG030_01000,IMG030_01000,IMG030_01000.jpg,IMG030_01000.npy,0,-1,original_copy,,Bright sunlight shines through tall trees onto a fallen log in a dark forest.,,,,0.0,0.0,0.0,0,0,0.0,-1,,0.0,12.828131808582839,12.828131808582839
IMG030_01000_AUG000,IMG030_01000,IMG030_01000_AUG000.jpg,IMG030_01000_AUG000.npy,1,0,opencv_caption_style,13869778,Bright sunlight shines through tall trees onto a fallen log in a dark forest.,"Photorealistic image edit of the same scene: Bright sunlight shines through tall trees onto a fallen log in a dark forest. Apply soft diffused lighting, with small focal-length variation. Preserve scene structure, object identities, and spatial layout.",,soft diffused lighting,28.78260040283203,254.0,13.055905916489735,0,0,0.0,-1,,0.0,12.828131808582839,12.80202963643842
IMG031_01000,IMG031_01000,IMG031_01000.jpg,IMG031_01000.npy,0,-1,original_copy,,A white castle with tall towers sits on top of a forested hill.,,,,0.0,0.0,0.0,0,0,0.0,-1,,0.0,12.541153118350394,12.541153118350394
IMG031_01000_AUG000,IMG031_01000,IMG031_01000_AUG000.jpg,IMG031_01000_AUG000.npy,1,0,opencv_caption_style,1120876916,A white castle with tall towers sits on top of a forested hill.,"Photorealistic image edit of the same scene: A white castle with tall towers sits on top of a forested hill. Apply slightly cool color grading, with mild zoom variation. Preserve scene structure, object identities, and spatial layout.",,slightly cool color grading,28.36943244934082,248.0,13.146403623948572,0,0,0.0,-1,,0.0,12.541153118350394,12.421933031178924
IMG032_01000,IMG032_01000,IMG032_01000.jpg,IMG032_01000.npy,0,-1,original_copy,,A winding river flows between dense forests filled with orange and red trees.,,,,0.0,0.0,0.0,0,0,0.0,-1,,0.0,12.929173770614398,12.929173770614398
IMG032_01000_AUG000,IMG032_01000,IMG032_01000_AUG000.jpg,IMG032_01000_AUG000.npy,1,0,opencv_caption_style,488362406,A winding river flows between dense forests filled with orange and red trees.,"Photorealistic image edit of the same scene: A winding river flows between dense forests filled with orange and red trees. Apply cinematic natural lighting, with small focal-length variation. Preserve scene structure, object identities, and spatial layout.",,cinematic natural lighting,33.911338806152344,246.0,13.041628312633975,0,0,0.0,-1,,0.0,12.929173770614398,12.900596573553685
IMG033_00101,IMG033_00101,IMG033_00101.jpg,IMG033_00101.npy,0,-1,original_copy,,A man wearing round glasses looks forward with text written across his chest.,,,,0.0,0.0,0.0,0,0,0.0,-1,,0.0,12.580676892959218,12.580676892959218
IMG033_00101_AUG000,IMG033_00101,IMG033_00101_AUG000.jpg,IMG033_00101_AUG000.npy,1,0,opencv_caption_style,1916987194,A man wearing round glasses looks forward with text written across his chest.,"Photorealistic image edit of the same scene: A man wearing round glasses looks forward with text written across his chest. Apply documentary photograph style, with mild zoom variation. Preserve scene structure, object identities, and spatial layout.",,documentary photograph style,34.45901870727539,255.0,12.802160518808364,0,0,0.0,-1,,0.0,12.580676892959218,12.495711630512687
IMG036_00100,IMG036_00100,IMG036_00100.jpg,IMG036_00100.npy,0,-1,original_copy,,A woman wearing a floral coat and a headband holds a black leash.,,,,0.0,0.0,0.0,0,0,0.0,-1,,0.0,12.679139227219366,12.679139227219366
IMG036_00100_AUG000,IMG036_00100,IMG036_00100_AUG000.jpg,IMG036_00100_AUG000.npy,1,0,opencv_caption_style,1704361031,A woman wearing a floral coat and a headband holds a black leash.,"Photorealistic image edit of the same scene: A woman wearing a floral coat and a headband holds a black leash. Apply slightly cool color grading, with small focal-length variation. Preserve scene structure, object identities, and spatial layout.",,slightly cool color grading,43.560791015625,251.0,13.089875442982759,0,0,0.0,-1,,0.0,12.679139227219366,12.645043383327447
IMG037_00100,IMG037_00100,IMG037_00100.jpg,IMG037_00100.npy,0,-1,original_copy,,Four women walk together across a stone plaza near a blue street sign.,,,,0.0,0.0,0.0,0,0,0.0,-1,,0.0,12.55946329795097,12.55946329795097
IMG037_00100_AUG000,IMG037_00100,IMG037_00100_AUG000.jpg,IMG037_00100_AUG000.npy,1,0,opencv_caption_style,310157771,Four women walk together across a stone plaza near a blue street sign.,"Photorealistic image edit of the same scene: Four women walk together across a stone plaza near a blue street sign. Apply slightly cool color grading, with subtle framing change. Preserve scene structure, object identities, and spatial layout.",,slightly cool color grading,47.57429122924805,255.0,13.198703876627235,0,0,0.0,-1,,0.0,12.55946329795097,12.52843353653634
IMG040_00100,IMG040_00100,IMG040_00100.jpg,IMG040_00100.npy,0,-1,original_copy,,A man and a child wearing inline skates stand together on a path.,,,,0.0,0.0,0.0,0,0,0.0,-1,,0.0,12.701715087450793,12.701715087450793
IMG040_00100_AUG000,IMG040_00100,IMG040_00100_AUG000.jpg,IMG040_00100_AUG000.npy,1,0,opencv_caption_style,889673951,A man and a child wearing inline skates stand together on a path.,"Photorealistic image edit of the same scene: A man and a child wearing inline skates stand together on a path. Apply slightly cool color grading, with slightly shifted viewpoint. Preserve scene structure, object identities, and spatial layout.",,slightly cool color grading,50.879852294921875,255.0,13.062737182029423,0,0,0.0,-1,,0.0,12.701715087450793,12.68752840245861
IMG041_00100,IMG041_00100,IMG041_00100.jpg,IMG041_00100.npy,0,-1,original_copy,,Two men walk through a hallway while pulling black suitcases and holding passports.,,,,0.0,0.0,0.0,0,0,0.0,-1,,0.0,12.66371233330392,12.66371233330392
IMG041_00100_AUG000,IMG041_00100,IMG041_00100_AUG000.jpg,IMG041_00100_AUG000.npy,1,0,opencv_caption_style,718489173,Two men walk through a hallway while pulling black suitcases and holding passports.,"Photorealistic image edit of the same scene: Two men walk through a hallway while pulling black suitcases and holding passports. Apply slightly warm color grading, with subtle framing change. Preserve scene structure, object identities, and spatial layout.",,slightly warm color grading,52.38278579711914,255.0,13.047810588479024,0,0,0.0,-1,,0.0,12.66371233330392,12.619233503999112
IMG042_00100,IMG042_00100,IMG042_00100.jpg,IMG042_00100.npy,0,-1,original_copy,,A basketball player holds a ball while looking upward on a court.,,,,0.0,0.0,0.0,0,0,0.0,-1,,0.0,13.048238163673886,13.048238163673886
IMG042_00100_AUG000,IMG042_00100,IMG042_00100_AUG000.jpg,IMG042_00100_AUG000.npy,1,0,opencv_caption_style,179990059,A basketball player holds a ball while looking upward on a court.,"Photorealistic image edit of the same scene: A basketball player holds a ball while looking upward on a court. Apply slightly cool color grading, with small focal-length variation. Preserve scene structure, object identities, and spatial layout.",,slightly cool color grading,27.74712371826172,190.0,13.172837565332884,0,0,0.0,-1,,0.0,13.048238163673886,13.013835766522789
IMG043_00100,IMG043_00100,IMG043_00100.jpg,IMG043_00100.npy,0,-1,original_copy,,A woman sings into a microphone while a man plays a guitar nearby.,,,,0.0,0.0,0.0,0,0,0.0,-1,,0.0,12.67838084903542,12.67838084903542
IMG043_00100_AUG000,IMG043_00100,IMG043_00100_AUG000.jpg,IMG043_00100_AUG000.npy,1,0,opencv_caption_style,1646064444,A woman sings into a microphone while a man plays a guitar nearby.,"Photorealistic image edit of the same scene: A woman sings into a microphone while a man plays a guitar nearby. Apply soft diffused lighting, with small focal-length variation. Preserve scene structure, object identities, and spatial layout.",,soft diffused lighting,30.00465965270996,255.0,12.811781887960535,0,0,0.0,-1,,0.0,12.67838084903542,12.580096501432308
IMG044_00100,IMG044_00100,IMG044_00100.jpg,IMG044_00100.npy,0,-1,original_copy,,Three dancers in red and white dresses perform on a dark stage.,,,,0.0,0.0,0.0,0,0,0.0,-1,,0.0,13.195734492917836,13.195734492917836
IMG044_00100_AUG000,IMG044_00100,IMG044_00100_AUG000.jpg,IMG044_00100_AUG000.npy,1,0,opencv_caption_style,842018965,Three dancers in red and white dresses perform on a dark stage.,"Photorealistic image edit of the same scene: Three dancers in red and white dresses perform on a dark stage. Apply slightly warm color grading, with small focal-length variation. Preserve scene structure, object identities, and spatial layout.",,slightly warm color grading,29.72323989868164,254.0,12.747299228344104,0,0,0.0,-1,,0.0,13.195734492917836,13.09012994087152
IMG045_00100,IMG045_00100,IMG045_00100.jpg,IMG045_00100.npy,0,-1,original_copy,,A man in athletic gear holds a bottle near a table of fruit.,,,,0.0,0.0,0.0,0,0,0.0,-1,,0.0,12.599165891162102,12.599165891162102
IMG045_00100_AUG000,IMG045_00100,IMG045_00100_AUG000.jpg,IMG045_00100_AUG000.npy,1,0,opencv_caption_style,1007974515,A man in athletic gear holds a bottle near a table of fruit.,"Photorealistic image edit of the same scene: A man in athletic gear holds a bottle near a table of fruit. Apply clean studio-like lighting, with subtle framing change. Preserve scene structure, object identities, and spatial layout.",,clean studio-like lighting,61.9544677734375,255.0,13.212083597270237,0,0,0.0,-1,,0.0,12.599165891162102,12.52596977942676
IMG046_00100,IMG046_00100,IMG046_00100.jpg,IMG046_00100.npy,0,-1,original_copy,,A woman with red hair holds a large bouquet of red flowers.,,,,0.0,0.0,0.0,0,0,0.0,-1,,0.0,12.571370999777628,12.571370999777628
IMG046_00100_AUG000,IMG046_00100,IMG046_00100_AUG000.jpg,IMG046_00100_AUG000.npy,1,0,opencv_caption_style,729223656,A woman with red hair holds a large bouquet of red flowers.,"Photorealistic image edit of the same scene: A woman with red hair holds a large bouquet of red flowers. Apply slightly warm color grading, with small focal-length variation. Preserve scene structure, object identities, and spatial layout.",,slightly warm color grading,25.217933654785156,222.0,13.086027052641839,0,0,0.0,-1,,0.0,12.571370999777628,12.514057123812108
IMG047_00100,IMG047_00100,IMG047_00100.jpg,IMG047_00100.npy,0,-1,original_copy,,A volleyball player jumps to high five a man on an indoor court.,,,,0.0,0.0,0.0,0,0,0.0,-1,,0.0,12.704846752786125,12.704846752786125
IMG047_00100_AUG000,IMG047_00100,IMG047_00100_AUG000.jpg,IMG047_00100_AUG000.npy,1,0,opencv_caption_style,554513576,A volleyball player jumps to high five a man on an indoor court.,"Photorealistic image edit of the same scene: A volleyball player jumps to high five a man on an indoor court. Apply soft diffused lighting, with subtle framing change. Preserve scene structure, object identities, and spatial layout.",,soft diffused lighting,37.29045486450195,255.0,12.855806122650776,0,0,0.0,-1,,0.0,12.704846752786125,12.551793465561332
IMG049_00100,IMG049_00100,IMG049_00100.jpg,IMG049_00100.npy,0,-1,original_copy,,An illustration of a woman and a man standing near several data charts.,,,,0.0,0.0,0.0,0,0,0.0,-1,,0.0,12.77969650866953,12.77969650866953
IMG049_00100_AUG000,IMG049_00100,IMG049_00100_AUG000.jpg,IMG049_00100_AUG000.npy,1,0,opencv_caption_style,47894182,An illustration of a woman and a man standing near several data charts.,"Photorealistic image edit of the same scene: An illustration of a woman and a man standing near several data charts. Apply slightly cool color grading, with subtle framing change. Preserve scene structure, object identities, and spatial layout.",,slightly cool color grading,70.9558334350586,255.0,13.139755391879987,0,0,0.0,-1,,0.0,12.77969650866953,12.748646690554324
IMG050_00100,IMG050_00100,IMG050_00100.jpg,IMG050_00100.npy,0,-1,original_copy,,A man in a red suit gestures toward a box of money symbols.,,,,0.0,0.0,0.0,0,0,0.0,-1,,0.0,12.845925942529448,12.845925942529448
IMG050_00100_AUG000,IMG050_00100,IMG050_00100_AUG000.jpg,IMG050_00100_AUG000.npy,1,0,opencv_caption_style,125157132,A man in a red suit gestures toward a box of money symbols.,"Photorealistic image edit of the same scene: A man in a red suit gestures toward a box of money symbols. Apply documentary photograph style, with small focal-length variation. Preserve scene structure, object identities, and spatial layout.",,documentary photograph style,79.39602661132812,255.0,13.198625898465707,0,0,0.0,-1,,0.0,12.845925942529448,12.817377895338723
IMG052_00100,IMG052_00100,IMG052_00100.jpg,IMG052_00100.npy,0,-1,original_copy,,A man with a mustache smiles and claps his hands during a meeting.,,,,0.0,0.0,0.0,0,0,0.0,-1,,0.0,12.638929923093201,12.638929923093201
IMG052_00100_AUG000,IMG052_00100,IMG052_00100_AUG000.jpg,IMG052_00100_AUG000.npy,1,0,opencv_caption_style,1912201722,A man with a mustache smiles and claps his hands during a meeting.,"Photorealistic image edit of the same scene: A man with a mustache smiles and claps his hands during a meeting. Apply clean studio-like lighting, with small focal-length variation. Preserve scene structure, object identities, and spatial layout.",,clean studio-like lighting,39.339027404785156,255.0,12.929226323718673,0,0,0.0,-1,,0.0,12.638929923093201,12.57525583711731
IMG053_00100,IMG053_00100,IMG053_00100.jpg,IMG053_00100.npy,0,-1,original_copy,,A person wearing a large gray elephant mask stands inside a crowded subway car.,,,,0.0,0.0,0.0,0,0,0.0,-1,,0.0,12.636505326976476,12.636505326976476
IMG053_00100_AUG000,IMG053_00100,IMG053_00100_AUG000.jpg,IMG053_00100_AUG000.npy,1,0,opencv_caption_style,984877706,A person wearing a large gray elephant mask stands inside a crowded subway car.,"Photorealistic image edit of the same scene: A person wearing a large gray elephant mask stands inside a crowded subway car. Apply high dynamic range, with slightly shifted viewpoint. Preserve scene structure, object identities, and spatial layout.",,high dynamic range,44.49135971069336,255.0,12.931278568491194,0,0,0.0,-1,,0.0,12.636505326976476,12.621435190863394
IMG054_00100,IMG054_00100,IMG054_00100.jpg,IMG054_00100.npy,0,-1,original_copy,,An astronaut in a white spacesuit stands on the surface of the moon.,,,,0.0,0.0,0.0,0,0,0.0,-1,,0.0,12.62005420258356,12.62005420258356
IMG054_00100_AUG000,IMG054_00100,IMG054_00100_AUG000.jpg,IMG054_00100_AUG000.npy,1,0,opencv_caption_style,51259752,An astronaut in a white spacesuit stands on the surface of the moon.,"Photorealistic image edit of the same scene: An astronaut in a white spacesuit stands on the surface of the moon. Apply cinematic natural lighting, with subtle framing change. Preserve scene structure, object identities, and spatial layout.",,cinematic natural lighting,31.732532501220703,255.0,12.912481218438751,0,0,0.0,-1,,0.0,12.62005420258356,12.50645302933799
IMG055_00100,IMG055_00100,IMG055_00100.jpg,IMG055_00100.npy,0,-1,original_copy,,A person with a bun has a character shaved into the back of their head.,,,,0.0,0.0,0.0,0,0,0.0,-1,,0.0,12.809224096903563,12.809224096903563
IMG055_00100_AUG000,IMG055_00100,IMG055_00100_AUG000.jpg,IMG055_00100_AUG000.npy,1,0,opencv_caption_style,865478600,A person with a bun has a character shaved into the back of their head.,"Photorealistic image edit of the same scene: A person with a bun has a character shaved into the back of their head. Apply clean studio-like lighting, with mild zoom variation. Preserve scene structure, object identities, and spatial layout.",,clean studio-like lighting,71.01239013671875,255.0,13.166026549698017,0,0,0.0,-1,,0.0,12.809224096903563,12.818735311441287
IMG056_00100,IMG056_00100,IMG056_00100.jpg,IMG056_00100.npy,0,-1,original_copy,,A man in a purple outfit and hat walks down a street lined with people.,,,,0.0,0.0,0.0,0,0,0.0,-1,,0.0,13.113787899622366,13.113787899622366
IMG056_00100_AUG000,IMG056_00100,IMG056_00100_AUG000.jpg,IMG056_00100_AUG000.npy,1,0,opencv_caption_style,1794910472,A man in a purple outfit and hat walks down a street lined with people.,"Photorealistic image edit of the same scene: A man in a purple outfit and hat walks down a street lined with people. Apply slightly warm color grading, with small focal-length variation. Preserve scene structure, object identities, and spatial layout.",,slightly warm color grading,45.25240707397461,250.0,13.147600402925718,0,0,0.0,-1,,0.0,13.113787899622366,13.09394697658081
IMG057_00100,IMG057_00100,IMG057_00100.jpg,IMG057_00100.npy,0,-1,original_copy,,Two hockey players in helmets and pads compete for a puck on the ice.,,,,0.0,0.0,0.0,0,0,0.0,-1,,0.0,12.702844209260093,12.702844209260093
IMG057_00100_AUG000,IMG057_00100,IMG057_00100_AUG000.jpg,IMG057_00100_AUG000.npy,1,0,opencv_caption_style,1966314794,Two hockey players in helmets and pads compete for a puck on the ice.,"Photorealistic image edit of the same scene: Two hockey players in helmets and pads compete for a puck on the ice. Apply documentary photograph style, with slightly shifted viewpoint. Preserve scene structure, object identities, and spatial layout.",,documentary photograph style,60.666847229003906,255.0,13.187004802489753,0,0,0.0,-1,,0.0,12.702844209260093,12.702111780999985
IMG058_00100,IMG058_00100,IMG058_00100.jpg,IMG058_00100.npy,0,-1,original_copy,,Two officers in blue uniforms stand facing each other between three flags.,,,,0.0,0.0,0.0,0,0,0.0,-1,,0.0,12.652370331087695,12.652370331087695
IMG058_00100_AUG000,IMG058_00100,IMG058_00100_AUG000.jpg,IMG058_00100_AUG000.npy,1,0,opencv_caption_style,986980081,Two officers in blue uniforms stand facing each other between three flags.,"Photorealistic image edit of the same scene: Two officers in blue uniforms stand facing each other between three flags. Apply soft diffused lighting, with small focal-length variation. Preserve scene structure, object identities, and spatial layout.",,soft diffused lighting,32.15896987915039,255.0,13.07285713151009,0,0,0.0,-1,,0.0,12.652370331087695,12.541226942792491
IMG059_00100,IMG059_00100,IMG059_00100.jpg,IMG059_00100.npy,0,-1,original_copy,,A smiling man with a gray beard and glasses stands on a paved path.,,,,0.0,0.0,0.0,0,0,0.0,-1,,0.0,12.58201284757024,12.58201284757024
IMG059_00100_AUG000,IMG059_00100,IMG059_00100_AUG000.jpg,IMG059_00100_AUG000.npy,1,0,opencv_caption_style,1914615394,A smiling man with a gray beard and glasses stands on a paved path.,"Photorealistic image edit of the same scene: A smiling man with a gray beard and glasses stands on a paved path. Apply slightly cool color grading, with small focal-length variation. Preserve scene structure, object identities, and spatial layout.",,slightly cool color grading,38.847450256347656,255.0,13.037957590939286,0,0,0.0,-1,,0.0,12.58201284757024,12.59320404577602
IMG060_00100,IMG060_00100,IMG060_00100.jpg,IMG060_00100.npy,0,-1,original_copy,,A cyclist wearing a helmet and sunglasses rides a black and blue bicycle.,,,,0.0,0.0,0.0,0,0,0.0,-1,,0.0,13.077498844416368,13.077498844416368
IMG060_00100_AUG000,IMG060_00100,IMG060_00100_AUG000.jpg,IMG060_00100_AUG000.npy,1,0,opencv_caption_style,86826398,A cyclist wearing a helmet and sunglasses rides a black and blue bicycle.,"Photorealistic image edit of the same scene: A cyclist wearing a helmet and sunglasses rides a black and blue bicycle. Apply clean studio-like lighting, with mild zoom variation. Preserve scene structure, object identities, and spatial layout.",,clean studio-like lighting,23.25103759765625,255.0,12.83802505596362,0,0,0.0,-1,,0.0,13.077498844416368,12.992579239027691
IMG061_00100,IMG061_00100,IMG061_00100.jpg,IMG061_00100.npy,0,-1,original_copy,,A person wearing a wide brimmed hat and glasses stands near several pine trees.,,,,0.0,0.0,0.0,0,0,0.0,-1,,0.0,12.617981287858584,12.617981287858584
IMG061_00100_AUG000,IMG061_00100,IMG061_00100_AUG000.jpg,IMG061_00100_AUG000.npy,1,0,opencv_caption_style,4438093,A person wearing a wide brimmed hat and glasses stands near several pine trees.,"Photorealistic image edit of the same scene: A person wearing a wide brimmed hat and glasses stands near several pine trees. Apply documentary photograph style, with small focal-length variation. Preserve scene structure, object identities, and spatial layout.",,documentary photograph style,29.42612648010254,255.0,12.89076490077187,0,0,0.0,-1,,0.0,12.617981287858584,12.733344434932405
IMG064_00100,IMG064_00100,IMG064_00100.jpg,IMG064_00100.npy,0,-1,original_copy,,A man with gray hair looks downward in high contrast light and shadow.,,,,0.0,0.0,0.0,0,0,0.0,-1,,0.0,12.48060558739644,12.48060558739644
IMG064_00100_AUG000,IMG064_00100,IMG064_00100_AUG000.jpg,IMG064_00100_AUG000.npy,1,0,opencv_caption_style,1745883381,A man with gray hair looks downward in high contrast light and shadow.,"Photorealistic image edit of the same scene: A man with gray hair looks downward in high contrast light and shadow. Apply slightly cool color grading, with slightly shifted viewpoint. Preserve scene structure, object identities, and spatial layout.",,slightly cool color grading,21.51682472229004,255.0,12.98592257347127,0,0,0.0,-1,,0.0,12.48060558739644,12.283308543266685
IMG065_00100,IMG065_00100,IMG065_00100.jpg,IMG065_00100.npy,0,-1,original_copy,,A baseball player in a white uniform raises both hands while wearing a helmet.,,,,0.0,0.0,0.0,0,0,0.0,-1,,0.0,12.642597232850676,12.642597232850676
IMG065_00100_AUG000,IMG065_00100,IMG065_00100_AUG000.jpg,IMG065_00100_AUG000.npy,1,0,opencv_caption_style,648368580,A baseball player in a white uniform raises both hands while wearing a helmet.,"Photorealistic image edit of the same scene: A baseball player in a white uniform raises both hands while wearing a helmet. Apply slightly cool color grading, with mild zoom variation. Preserve scene structure, object identities, and spatial layout.",,slightly cool color grading,37.639686584472656,253.0,13.043011146180788,0,0,0.0,-1,,0.0,12.642597232850676,12.584884319604043
IMG066_00100,IMG066_00100,IMG066_00100.jpg,IMG066_00100.npy,0,-1,original_copy,,Several baseball players in red jerseys and gray pants stand on a green field.,,,,0.0,0.0,0.0,0,0,0.0,-1,,0.0,13.097606317594,13.097606317594
IMG066_00100_AUG000,IMG066_00100,IMG066_00100_AUG000.jpg,IMG066_00100_AUG000.npy,1,0,opencv_caption_style,1667206774,Several baseball players in red jerseys and gray pants stand on a green field.,"Photorealistic image edit of the same scene: Several baseball players in red jerseys and gray pants stand on a green field. Apply clean studio-like lighting, with mild zoom variation. Preserve scene structure, object identities, and spatial layout.",,clean studio-like lighting,53.92674255371094,255.0,13.209537760963258,0,0,0.0,-1,,0.0,13.097606317594,13.064028817931103
IMG067_00100,IMG067_00100,IMG067_00100.jpg,IMG067_00100.npy,0,-1,original_copy,,A basketball player with hair in buns holds a basketball with both hands.,,,,0.0,0.0,0.0,0,0,0.0,-1,,0.0,12.478181632842734,12.478181632842734
IMG067_00100_AUG000,IMG067_00100,IMG067_00100_AUG000.jpg,IMG067_00100_AUG000.npy,1,0,opencv_caption_style,978430516,A basketball player with hair in buns holds a basketball with both hands.,"Photorealistic image edit of the same scene: A basketball player with hair in buns holds a basketball with both hands. Apply high dynamic range, with small focal-length variation. Preserve scene structure, object identities, and spatial layout.",,high dynamic range,38.04578399658203,250.0,13.181663338305839,0,0,0.0,-1,,0.0,12.478181632842734,12.45026202201916
IMG071_00100,IMG071_00100,IMG071_00100.jpg,IMG071_00100.npy,0,-1,original_copy,,A man in a suit shakes hands with a woman wearing a white poncho.,,,,0.0,0.0,0.0,0,0,0.0,-1,,0.0,12.569540553672596,12.569540553672596
IMG071_00100_AUG000,IMG071_00100,IMG071_00100_AUG000.jpg,IMG071_00100_AUG000.npy,1,0,opencv_caption_style,1540022417,A man in a suit shakes hands with a woman wearing a white poncho.,"Photorealistic image edit of the same scene: A man in a suit shakes hands with a woman wearing a white poncho. Apply slightly cool color grading, with subtle framing change. Preserve scene structure, object identities, and spatial layout.",,slightly cool color grading,37.44771194458008,250.0,13.04035040980375,0,0,0.0,-1,,0.0,12.569540553672596,12.484800720586009
IMG072_00100,IMG072_00100,IMG072_00100.jpg,IMG072_00100.npy,0,-1,original_copy,,A man wearing a baseball cap stands with his hands on a woman's shoulders.,,,,0.0,0.0,0.0,0,0,0.0,-1,,0.0,12.532711249186832,12.532711249186832
IMG072_00100_AUG000,IMG072_00100,IMG072_00100_AUG000.jpg,IMG072_00100_AUG000.npy,1,0,opencv_caption_style,1286392163,A man wearing a baseball cap stands with his hands on a woman's shoulders.,"Photorealistic image edit of the same scene: A man wearing a baseball cap stands with his hands on a woman's shoulders. Apply documentary photograph style, with small focal-length variation. Preserve scene structure, object identities, and spatial layout.",,documentary photograph style,31.8102970123291,255.0,12.955871869626229,0,0,0.0,-1,,0.0,12.532711249186832,12.52298629664483
IMG073_00100,IMG073_00100,IMG073_00100.jpg,IMG073_00100.npy,0,-1,original_copy,,A woman and a man stand together while holding several large sheets of paper.,,,,0.0,0.0,0.0,0,0,0.0,-1,,0.0,12.572091078055564,12.572091078055564
IMG073_00100_AUG000,IMG073_00100,IMG073_00100_AUG000.jpg,IMG073_00100_AUG000.npy,1,0,opencv_caption_style,140482324,A woman and a man stand together while holding several large sheets of paper.,"Photorealistic image edit of the same scene: A woman and a man stand together while holding several large sheets of paper. Apply clean studio-like lighting, with subtle framing change. Preserve scene structure, object identities, and spatial layout.",,clean studio-like lighting,43.46626663208008,255.0,12.937298286458287,0,0,0.0,-1,,0.0,12.572091078055564,12.470021380523576
IMG074_00101,IMG074_00101,IMG074_00101.jpg,IMG074_00101.npy,0,-1,original_copy,,A person wearing an orange sweatshirt looks toward the side of the frame.,,,,0.0,0.0,0.0,0,0,0.0,-1,,0.0,12.55089153665267,12.55089153665267
IMG074_00101_AUG000,IMG074_00101,IMG074_00101_AUG000.jpg,IMG074_00101_AUG000.npy,1,0,opencv_caption_style,1546828459,A person wearing an orange sweatshirt looks toward the side of the frame.,"Photorealistic image edit of the same scene: A person wearing an orange sweatshirt looks toward the side of the frame. Apply slightly cool color grading, with slightly shifted viewpoint. Preserve scene structure, object identities, and spatial layout.",,slightly cool color grading,37.82221984863281,246.0,13.210055560353794,0,0,0.0,-1,,0.0,12.55089153665267,12.508692417067778
IMG075_00100,IMG075_00100,IMG075_00100.jpg,IMG075_00100.npy,0,-1,original_copy,,An athlete in a uniform throws a ball while holding a leather glove.,,,,0.0,0.0,0.0,0,0,0.0,-1,,0.0,12.669368701887379,12.669368701887379
IMG075_00100_AUG000,IMG075_00100,IMG075_00100_AUG000.jpg,IMG075_00100_AUG000.npy,1,0,opencv_caption_style,1350316540,An athlete in a uniform throws a ball while holding a leather glove.,"Photorealistic image edit of the same scene: An athlete in a uniform throws a ball while holding a leather glove. Apply high dynamic range, with mild zoom variation. Preserve scene structure, object identities, and spatial layout.",,high dynamic range,36.97162628173828,255.0,13.19811201103414,0,0,0.0,-1,,0.0,12.669368701887379,12.631737874703504
IMG077_00100,IMG077_00100,IMG077_00100.jpg,IMG077_00100.npy,0,-1,original_copy,,A man in a grey suit points his finger toward another man in blue.,,,,0.0,0.0,0.0,0,0,0.0,-1,,0.0,12.550608017079867,12.550608017079867
IMG077_00100_AUG000,IMG077_00100,IMG077_00100_AUG000.jpg,IMG077_00100_AUG000.npy,1,0,opencv_caption_style,2063469972,A man in a grey suit points his finger toward another man in blue.,"Photorealistic image edit of the same scene: A man in a grey suit points his finger toward another man in blue. Apply cinematic natural lighting, with slightly shifted viewpoint. Preserve scene structure, object identities, and spatial layout.",,cinematic natural lighting,47.54290771484375,250.0,13.067478916416292,0,0,0.0,-1,,0.0,12.550608017079867,12.463879377060493
IMG078_00100,IMG078_00100,IMG078_00100.jpg,IMG078_00100.npy,0,-1,original_copy,,A creature with a pointed head stands next to a woman in a brown blazer.,,,,0.0,0.0,0.0,0,0,0.0,-1,,0.0,12.674127068931284,12.674127068931284
IMG078_00100_AUG000,IMG078_00100,IMG078_00100_AUG000.jpg,IMG078_00100_AUG000.npy,1,0,opencv_caption_style,2117804669,A creature with a pointed head stands next to a woman in a brown blazer.,"Photorealistic image edit of the same scene: A creature with a pointed head stands next to a woman in a brown blazer. Apply soft diffused lighting, with small focal-length variation. Preserve scene structure, object identities, and spatial layout.",,soft diffused lighting,34.29692077636719,255.0,12.963443435517945,0,0,0.0,-1,,0.0,12.674127068931284,12.554571904444401
IMG079_00100,IMG079_00100,IMG079_00100.jpg,IMG079_00100.npy,0,-1,original_copy,,A man in camouflage uniform points his hand toward a framed portrait on the wall.,,,,0.0,0.0,0.0,0,0,0.0,-1,,0.0,12.627515810580917,12.627515810580917
IMG079_00100_AUG000,IMG079_00100,IMG079_00100_AUG000.jpg,IMG079_00100_AUG000.npy,1,0,opencv_caption_style,1736278420,A man in camouflage uniform points his hand toward a framed portrait on the wall.,"Photorealistic image edit of the same scene: A man in camouflage uniform points his hand toward a framed portrait on the wall. Apply slightly warm color grading, with mild zoom variation. Preserve scene structure, object identities, and spatial layout.",,slightly warm color grading,47.66054916381836,255.0,13.136909594796919,0,0,0.0,-1,,0.0,12.627515810580917,12.60521727718151
IMG081_00100,IMG081_00100,IMG081_00100.jpg,IMG081_00100.npy,0,-1,original_copy,,A woman holds a baby who is drinking from a bottle.,,,,0.0,0.0,0.0,0,0,0.0,-1,,0.0,13.081656736900186,13.081656736900186
IMG081_00100_AUG000,IMG081_00100,IMG081_00100_AUG000.jpg,IMG081_00100_AUG000.npy,1,0,opencv_caption_style,1656384100,A woman holds a baby who is drinking from a bottle.,"Photorealistic image edit of the same scene: A woman holds a baby who is drinking from a bottle. Apply soft diffused lighting, with slightly shifted viewpoint. Preserve scene structure, object identities, and spatial layout.",,soft diffused lighting,23.587005615234375,192.0,13.015879995098942,0,0,0.0,-1,,0.0,13.081656736900186,13.014893894557645
IMG082_00101,IMG082_00101,IMG082_00101.jpg,IMG082_00101.npy,0,-1,original_copy,,A baby lies on a person and holds its own feet.,,,,0.0,0.0,0.0,0,0,0.0,-1,,0.0,12.656373385210827,12.656373385210827
IMG082_00101_AUG000,IMG082_00101,IMG082_00101_AUG000.jpg,IMG082_00101_AUG000.npy,1,0,opencv_caption_style,755951331,A baby lies on a person and holds its own feet.,"Photorealistic image edit of the same scene: A baby lies on a person and holds its own feet. Apply slightly cool color grading, with slightly shifted viewpoint. Preserve scene structure, object identities, and spatial layout.",,slightly cool color grading,58.400489807128906,255.0,13.157545897112868,0,0,0.0,-1,,0.0,12.656373385210827,12.669426190207105
IMG083_00100,IMG083_00100,IMG083_00100.jpg,IMG083_00100.npy,0,-1,original_copy,,A woman wearing a headband writes on a black folder.,,,,0.0,0.0,0.0,0,0,0.0,-1,,0.0,12.724148307758242,12.724148307758242
IMG083_00100_AUG000,IMG083_00100,IMG083_00100_AUG000.jpg,IMG083_00100_AUG000.npy,1,0,opencv_caption_style,459733937,A woman wearing a headband writes on a black folder.,"Photorealistic image edit of the same scene: A woman wearing a headband writes on a black folder. Apply slightly cool color grading, with subtle framing change. Preserve scene structure, object identities, and spatial layout.",,slightly cool color grading,41.53921127319336,255.0,13.10793318682704,0,0,0.0,-1,,0.0,12.724148307758242,12.697398815462748
IMG084_00101,IMG084_00101,IMG084_00101.jpg,IMG084_00101.npy,0,-1,original_copy,,A woman in sunglasses stands on a field wearing a sweatshirt.,,,,0.0,0.0,0.0,0,0,0.0,-1,,0.0,12.491497300721676,12.491497300721676
IMG084_00101_AUG000,IMG084_00101,IMG084_00101_AUG000.jpg,IMG084_00101_AUG000.npy,1,0,opencv_caption_style,975165669,A woman in sunglasses stands on a field wearing a sweatshirt.,"Photorealistic image edit of the same scene: A woman in sunglasses stands on a field wearing a sweatshirt. Apply soft diffused lighting, with subtle framing change. Preserve scene structure, object identities, and spatial layout.",,soft diffused lighting,20.15339469909668,232.0,12.756421013096258,0,0,0.0,-1,,0.0,12.491497300721676,12.380830161422637
IMG085_00100,IMG085_00100,IMG085_00100.jpg,IMG085_00100.npy,0,-1,original_copy,,A person looks toward the camera while wearing a white jersey.,,,,0.0,0.0,0.0,0,0,0.0,-1,,0.0,12.665387020498656,12.665387020498656
IMG085_00100_AUG000,IMG085_00100,IMG085_00100_AUG000.jpg,IMG085_00100_AUG000.npy,1,0,opencv_caption_style,184412080,A person looks toward the camera while wearing a white jersey.,"Photorealistic image edit of the same scene: A person looks toward the camera while wearing a white jersey. Apply slightly warm color grading, with subtle framing change. Preserve scene structure, object identities, and spatial layout.",,slightly warm color grading,49.35577392578125,247.0,13.114245080162618,0,0,0.0,-1,,0.0,12.665387020498656,12.661990082618559
IMG086_00100,IMG086_00100,IMG086_00100.jpg,IMG086_00100.npy,0,-1,original_copy,,A man with a beard stands in front of a red floor.,,,,0.0,0.0,0.0,0,0,0.0,-1,,0.0,12.589291779378982,12.589291779378982
IMG086_00100_AUG000,IMG086_00100,IMG086_00100_AUG000.jpg,IMG086_00100_AUG000.npy,1,0,opencv_caption_style,153586965,A man with a beard stands in front of a red floor.,"Photorealistic image edit of the same scene: A man with a beard stands in front of a red floor. Apply documentary photograph style, with slightly shifted viewpoint. Preserve scene structure, object identities, and spatial layout.",,documentary photograph style,30.7946834564209,255.0,12.726363092743663,0,0,0.0,-1,,0.0,12.589291779378982,12.4123990187868
IMG087_00101,IMG087_00101,IMG087_00101.jpg,IMG087_00101.npy,0,-1,original_copy,,A woman with blonde hair wears a black fringed top.,,,,0.0,0.0,0.0,0,0,0.0,-1,,0.0,12.740226415657162,12.740226415657162
IMG087_00101_AUG000,IMG087_00101,IMG087_00101_AUG000.jpg,IMG087_00101_AUG000.npy,1,0,opencv_caption_style,2090857507,A woman with blonde hair wears a black fringed top.,"Photorealistic image edit of the same scene: A woman with blonde hair wears a black fringed top. Apply cinematic natural lighting, with slightly shifted viewpoint. Preserve scene structure, object identities, and spatial layout.",,cinematic natural lighting,52.72158432006836,255.0,13.000816737497871,0,0,0.0,-1,,0.0,12.740226415657162,12.724781389646523
IMG088_00111,IMG088_00111,IMG088_00111.jpg,IMG088_00111.npy,0,-1,original_copy,,A woman in a blue jacket holds a microphone and speaks.,,,,0.0,0.0,0.0,0,0,0.0,-1,,0.0,12.783890412604023,12.783890412604023
IMG088_00111_AUG000,IMG088_00111,IMG088_00111_AUG000.jpg,IMG088_00111_AUG000.npy,1,0,opencv_caption_style,777559766,A woman in a blue jacket holds a microphone and speaks.,"Photorealistic image edit of the same scene: A woman in a blue jacket holds a microphone and speaks. Apply slightly warm color grading, with subtle framing change. Preserve scene structure, object identities, and spatial layout.",,slightly warm color grading,57.91998291015625,255.0,13.137208640301992,0,0,0.0,-1,,0.0,12.783890412604023,12.761283913094985
IMG089_00110,IMG089_00110,IMG089_00110.jpg,IMG089_00110.npy,0,-1,original_copy,,Two men smile closely together inside of a dark vehicle.,,,,0.0,0.0,0.0,0,0,0.0,-1,,0.0,12.63012588224774,12.63012588224774
IMG089_00110_AUG000,IMG089_00110,IMG089_00110_AUG000.jpg,IMG089_00110_AUG000.npy,1,0,opencv_caption_style,1590192977,Two men smile closely together inside of a dark vehicle.,"Photorealistic image edit of the same scene: Two men smile closely together inside of a dark vehicle. Apply cinematic natural lighting, with small focal-length variation. Preserve scene structure, object identities, and spatial layout.",,cinematic natural lighting,29.335847854614258,243.0,12.942048944250189,0,0,0.0,-1,,0.0,12.63012588224774,12.622379080062274
IMG090_00110,IMG090_00110,IMG090_00110.jpg,IMG090_00110.npy,0,-1,original_copy,,A man in a suit raises his hand behind a podium.,,,,0.0,0.0,0.0,0,0,0.0,-1,,0.0,12.54746193509618,12.54746193509618
IMG090_00110_AUG000,IMG090_00110,IMG090_00110_AUG000.jpg,IMG090_00110_AUG000.npy,1,0,opencv_caption_style,1082026729,A man in a suit raises his hand behind a podium.,"Photorealistic image edit of the same scene: A man in a suit raises his hand behind a podium. Apply cinematic natural lighting, with mild zoom variation. Preserve scene structure, object identities, and spatial layout.",,cinematic natural lighting,41.596126556396484,255.0,12.751059681945101,0,0,0.0,-1,,0.0,12.54746193509618,12.47011888998395
IMG092_00111,IMG092_00111,IMG092_00111.jpg,IMG092_00111.npy,0,-1,original_copy,,A crowd of people wearing masks stands near a large rainbow flag.,,,,0.0,0.0,0.0,0,0,0.0,-1,,0.0,12.68767211644672,12.68767211644672
IMG092_00111_AUG000,IMG092_00111,IMG092_00111_AUG000.jpg,IMG092_00111_AUG000.npy,1,0,opencv_caption_style,2101886863,A crowd of people wearing masks stands near a large rainbow flag.,"Photorealistic image edit of the same scene: A crowd of people wearing masks stands near a large rainbow flag. Apply slightly warm color grading, with mild zoom variation. Preserve scene structure, object identities, and spatial layout.",,slightly warm color grading,45.93177032470703,238.0,13.20713816596799,0,0,0.0,-1,,0.0,12.68767211644672,12.649816198607823
IMG093_00110,IMG093_00110,IMG093_00110.jpg,IMG093_00110.npy,0,-1,original_copy,,A man in a suit stands next to a person in a costume.,,,,0.0,0.0,0.0,0,0,0.0,-1,,0.0,12.634765608424914,12.634765608424914
IMG093_00110_AUG000,IMG093_00110,IMG093_00110_AUG000.jpg,IMG093_00110_AUG000.npy,1,0,opencv_caption_style,1245293116,A man in a suit stands next to a person in a costume.,"Photorealistic image edit of the same scene: A man in a suit stands next to a person in a costume. Apply documentary photograph style, with small focal-length variation. Preserve scene structure, object identities, and spatial layout.",,documentary photograph style,31.50701332092285,255.0,13.053640579831836,0,0,0.0,-1,,0.0,12.634765608424914,12.601826317624273
IMG094_00110,IMG094_00110,IMG094_00110.jpg,IMG094_00110.npy,0,-1,original_copy,,Four colorful paintings of a smiling man are arranged in a grid.,,,,0.0,0.0,0.0,0,0,0.0,-1,,0.0,12.622620418032056,12.622620418032056
IMG094_00110_AUG000,IMG094_00110,IMG094_00110_AUG000.jpg,IMG094_00110_AUG000.npy,1,0,opencv_caption_style,1688290354,Four colorful paintings of a smiling man are arranged in a grid.,"Photorealistic image edit of the same scene: Four colorful paintings of a smiling man are arranged in a grid. Apply soft diffused lighting, with subtle framing change. Preserve scene structure, object identities, and spatial layout.",,soft diffused lighting,43.51224899291992,247.0,13.057093157804246,0,0,0.0,-1,,0.0,12.622620418032056,12.553580510096253
IMG095_00110,IMG095_00110,IMG095_00110.jpg,IMG095_00110.npy,0,-1,original_copy,,Two men in suits give thumbs up gestures behind a large wooden desk.,,,,0.0,0.0,0.0,0,0,0.0,-1,,0.0,12.64561487945366,12.64561487945366
IMG095_00110_AUG000,IMG095_00110,IMG095_00110_AUG000.jpg,IMG095_00110_AUG000.npy,1,0,opencv_caption_style,1670907676,Two men in suits give thumbs up gestures behind a large wooden desk.,"Photorealistic image edit of the same scene: Two men in suits give thumbs up gestures behind a large wooden desk. Apply clean studio-like lighting, with small focal-length variation. Preserve scene structure, object identities, and spatial layout.",,clean studio-like lighting,34.06574249267578,255.0,13.116499708772956,0,0,0.0,-1,,0.0,12.64561487945366,12.613772822257488
IMG096_00110,IMG096_00110,IMG096_00110.jpg,IMG096_00110.npy,0,-1,original_copy,,Two men in dark suits walk together through a bright indoor hallway.,,,,0.0,0.0,0.0,0,0,0.0,-1,,0.0,12.69323403168164,12.69323403168164
IMG096_00110_AUG000,IMG096_00110,IMG096_00110_AUG000.jpg,IMG096_00110_AUG000.npy,1,0,opencv_caption_style,286810948,Two men in dark suits walk together through a bright indoor hallway.,"Photorealistic image edit of the same scene: Two men in dark suits walk together through a bright indoor hallway. Apply soft diffused lighting, with small focal-length variation. Preserve scene structure, object identities, and spatial layout.",,soft diffused lighting,38.28555679321289,255.0,12.842392195394723,0,0,0.0,-1,,0.0,12.69323403168164,12.598881628540312
IMG097_00110,IMG097_00110,IMG097_00110.jpg,IMG097_00110.npy,0,-1,original_copy,,A man wearing a military uniform with medals stands in a formal portrait.,,,,0.0,0.0,0.0,0,0,0.0,-1,,0.0,12.578597003093364,12.578597003093364
IMG097_00110_AUG000,IMG097_00110,IMG097_00110_AUG000.jpg,IMG097_00110_AUG000.npy,1,0,opencv_caption_style,1524436703,A man wearing a military uniform with medals stands in a formal portrait.,"Photorealistic image edit of the same scene: A man wearing a military uniform with medals stands in a formal portrait. Apply clean studio-like lighting, with slightly shifted viewpoint. Preserve scene structure, object identities, and spatial layout.",,clean studio-like lighting,31.26424217224121,240.0,13.094335988552245,0,0,0.0,-1,,0.0,12.578597003093364,12.446544453584465
IMG098_00110,IMG098_00110,IMG098_00110.jpg,IMG098_00110.npy,0,-1,original_copy,,Four people stand together in a room with flags and a model airplane.,,,,0.0,0.0,0.0,0,0,0.0,-1,,0.0,12.674661037826354,12.674661037826354
IMG098_00110_AUG000,IMG098_00110,IMG098_00110_AUG000.jpg,IMG098_00110_AUG000.npy,1,0,opencv_caption_style,256388523,Four people stand together in a room with flags and a model airplane.,"Photorealistic image edit of the same scene: Four people stand together in a room with flags and a model airplane. Apply soft diffused lighting, with mild zoom variation. Preserve scene structure, object identities, and spatial layout.",,soft diffused lighting,49.1931037902832,255.0,12.982865437415171,0,0,0.0,-1,,0.0,12.674661037826354,12.629993509113774
IMG099_00111,IMG099_00111,IMG099_00111.jpg,IMG099_00111.npy,0,-1,original_copy,,A man and a woman in formal attire shake hands in front of signs.,,,,0.0,0.0,0.0,0,0,0.0,-1,,0.0,12.572284774320906,12.572284774320906
IMG099_00111_AUG000,IMG099_00111,IMG099_00111_AUG000.jpg,IMG099_00111_AUG000.npy,1,0,opencv_caption_style,632857886,A man and a woman in formal attire shake hands in front of signs.,"Photorealistic image edit of the same scene: A man and a woman in formal attire shake hands in front of signs. Apply high dynamic range, with subtle framing change. Preserve scene structure, object identities, and spatial layout.",,high dynamic range,41.03590774536133,255.0,13.021736069666929,0,0,0.0,-1,,0.0,12.572284774320906,12.538994450116661
IMG100_00111,IMG100_00111,IMG100_00111.jpg,IMG100_00111.npy,0,-1,original_copy,,Multiple television screens display two men speaking at a presidential debate.,,,,0.0,0.0,0.0,0,0,0.0,-1,,0.0,12.86921223399122,12.86921223399122
IMG100_00111_AUG000,IMG100_00111,IMG100_00111_AUG000.jpg,IMG100_00111_AUG000.npy,1,0,opencv_caption_style,476544465,Multiple television screens display two men speaking at a presidential debate.,"Photorealistic image edit of the same scene: Multiple television screens display two men speaking at a presidential debate. Apply documentary photograph style, with subtle framing change. Preserve scene structure, object identities, and spatial layout.",,documentary photograph style,74.70939636230469,255.0,13.215393703868614,0,0,0.0,-1,,0.0,12.86921223399122,12.857200028303623
IMG101_00110,IMG101_00110,IMG101_00110.jpg,IMG101_00110.npy,0,-1,original_copy,,Two men in suits stand behind a large wooden desk with two gold flags.,,,,0.0,0.0,0.0,0,0,0.0,-1,,0.0,12.649202188420986,12.649202188420986
IMG101_00110_AUG000,IMG101_00110,IMG101_00110_AUG000.jpg,IMG101_00110_AUG000.npy,1,0,opencv_caption_style,899331785,Two men in suits stand behind a large wooden desk with two gold flags.,"Photorealistic image edit of the same scene: Two men in suits stand behind a large wooden desk with two gold flags. Apply documentary photograph style, with subtle framing change. Preserve scene structure, object identities, and spatial layout.",,documentary photograph style,61.257205963134766,255.0,13.205628912974746,0,0,0.0,-1,,0.0,12.649202188420986,12.650876588823849
IMG102_00111,IMG102_00111,IMG102_00111.jpg,IMG102_00111.npy,0,-1,original_copy,,A man with a bald head wearing a suit and red tie stands alone.,,,,0.0,0.0,0.0,0,0,0.0,-1,,0.0,12.639909798579083,12.639909798579083
IMG102_00111_AUG000,IMG102_00111,IMG102_00111_AUG000.jpg,IMG102_00111_AUG000.npy,1,0,opencv_caption_style,1344112274,A man with a bald head wearing a suit and red tie stands alone.,"Photorealistic image edit of the same scene: A man with a bald head wearing a suit and red tie stands alone. Apply documentary photograph style, with slightly shifted viewpoint. Preserve scene structure, object identities, and spatial layout.",,documentary photograph style,55.56423568725586,255.0,13.18078530002066,0,0,0.0,-1,,0.0,12.639909798579083,12.586320114748105
IMG103_00110,IMG103_00110,IMG103_00110.jpg,IMG103_00110.npy,0,-1,original_copy,,A man in a green tactical vest stands among a group of people outdoors.,,,,0.0,0.0,0.0,0,0,0.0,-1,,0.0,12.653300975640377,12.653300975640377
IMG103_00110_AUG000,IMG103_00110,IMG103_00110_AUG000.jpg,IMG103_00110_AUG000.npy,1,0,opencv_caption_style,2120252249,A man in a green tactical vest stands among a group of people outdoors.,"Photorealistic image edit of the same scene: A man in a green tactical vest stands among a group of people outdoors. Apply clean studio-like lighting, with subtle framing change. Preserve scene structure, object identities, and spatial layout.",,clean studio-like lighting,47.56376647949219,255.0,13.094955648768764,0,0,0.0,-1,,0.0,12.653300975640377,12.63304885152138
IMG104_00110,IMG104_00110,IMG104_00110.jpg,IMG104_00110.npy,0,-1,original_copy,,A man wearing glasses and a woman in a blue jacket stand side by side.,,,,0.0,0.0,0.0,0,0,0.0,-1,,0.0,12.559692873175209,12.559692873175209
IMG104_00110_AUG000,IMG104_00110,IMG104_00110_AUG000.jpg,IMG104_00110_AUG000.npy,1,0,opencv_caption_style,1504641581,A man wearing glasses and a woman in a blue jacket stand side by side.,"Photorealistic image edit of the same scene: A man wearing glasses and a woman in a blue jacket stand side by side. Apply clean studio-like lighting, with subtle framing change. Preserve scene structure, object identities, and spatial layout.",,clean studio-like lighting,41.811279296875,255.0,12.918234654545358,0,0,0.0,-1,,0.0,12.559692873175209,12.45301415849599
IMG105_10110,IMG105_10110,IMG105_10110.jpg,IMG105_10110.npy,0,-1,original_copy,,A cartoon man in green clothing holds a blue and yellow flag before a bull.,,,,0.0,0.0,0.0,0,0,0.0,-1,,0.0,12.853456354126592,12.853456354126592
IMG105_10110_AUG000,IMG105_10110,IMG105_10110_AUG000.jpg,IMG105_10110_AUG000.npy,1,0,opencv_caption_style,61311446,A cartoon man in green clothing holds a blue and yellow flag before a bull.,"Photorealistic image edit of the same scene: A cartoon man in green clothing holds a blue and yellow flag before a bull. Apply soft diffused lighting, with subtle framing change. Preserve scene structure, object identities, and spatial layout.",,soft diffused lighting,67.62334442138672,255.0,13.205556395087228,0,0,0.0,-1,,0.0,12.853456354126592,12.845669956614756
IMG106_10011,IMG106_10011,IMG106_10011.jpg,IMG106_10011.npy,0,-1,original_copy,,Four round logos with four text are in the image.,,,,0.0,0.0,0.0,0,0,0.0,-1,,0.0,12.945651209877497,12.945651209877497
IMG106_10011_AUG000,IMG106_10011,IMG106_10011_AUG000.jpg,IMG106_10011_AUG000.npy,1,0,opencv_caption_style,1652813683,Four round logos with four text are in the image.,"Photorealistic image edit of the same scene: Four round logos with four text are in the image. Apply soft diffused lighting, with slightly shifted viewpoint. Preserve scene structure, object identities, and spatial layout.",,soft diffused lighting,80.10302734375,255.0,13.155160916403247,0,0,0.0,-1,,0.0,12.945651209877497,12.924392506795584
IMG107_10111,IMG107_10111,IMG107_10111.jpg,IMG107_10111.npy,0,-1,original_copy,,Six portraits of different people are arranged in two rows of three frames.,,,,0.0,0.0,0.0,0,0,0.0,-1,,0.0,12.773113666192785,12.773113666192785
IMG107_10111_AUG000,IMG107_10111,IMG107_10111_AUG000.jpg,IMG107_10111_AUG000.npy,1,0,opencv_caption_style,858557497,Six portraits of different people are arranged in two rows of three frames.,"Photorealistic image edit of the same scene: Six portraits of different people are arranged in two rows of three frames. Apply clean studio-like lighting, with slightly shifted viewpoint. Preserve scene structure, object identities, and spatial layout.",,clean studio-like lighting,73.02742767333984,255.0,13.046716391828568,0,0,0.0,-1,,0.0,12.773113666192785,12.756904935435387
IMG108_10001,IMG108_10001,IMG108_10001.jpg,IMG108_10001.npy,0,-1,original_copy,,A cartoon duck walks through an open doorway below a white speech bubble.,,,,0.0,0.0,0.0,0,0,0.0,-1,,0.0,12.709157935850271,12.709157935850271
IMG108_10001_AUG000,IMG108_10001,IMG108_10001_AUG000.jpg,IMG108_10001_AUG000.npy,1,0,opencv_caption_style,870186830,A cartoon duck walks through an open doorway below a white speech bubble.,"Photorealistic image edit of the same scene: A cartoon duck walks through an open doorway below a white speech bubble. Apply slightly cool color grading, with slightly shifted viewpoint. Preserve scene structure, object identities, and spatial layout.",,slightly cool color grading,32.260108947753906,255.0,13.006951456407592,0,0,0.0,-1,,0.0,12.709157935850271,12.673447427227757
IMG110_10001,IMG110_10001,IMG110_10001.jpg,IMG110_10001.npy,0,-1,original_copy,,A brown cartoon bear head covered in water droplets is centered in the frame beneath a text.,,,,0.0,0.0,0.0,0,0,0.0,-1,,0.0,12.793576253403444,12.793576253403444
IMG110_10001_AUG000,IMG110_10001,IMG110_10001_AUG000.jpg,IMG110_10001_AUG000.npy,1,0,opencv_caption_style,695565020,A brown cartoon bear head covered in water droplets is centered in the frame beneath a text.,"Photorealistic image edit of the same scene: A brown cartoon bear head covered in water droplets is centered in the frame beneath a text. Apply slightly cool color grading, with subtle framing change. Preserve scene structure, object identities, and spatial layout.",,slightly cool color grading,47.737518310546875,255.0,12.848219352996235,0,0,0.0,-1,,0.0,12.793576253403444,12.746849881425078
IMG111_10001,IMG111_10001,IMG111_10001.jpg,IMG111_10001.npy,0,-1,original_copy,,A round beige frog sits in the center of a white background.,,,,0.0,0.0,0.0,0,0,0.0,-1,,0.0,12.726516026660192,12.726516026660192
IMG111_10001_AUG000,IMG111_10001,IMG111_10001_AUG000.jpg,IMG111_10001_AUG000.npy,1,0,opencv_caption_style,753793849,A round beige frog sits in the center of a white background.,"Photorealistic image edit of the same scene: A round beige frog sits in the center of a white background. Apply documentary photograph style, with subtle framing change. Preserve scene structure, object identities, and spatial layout.",,documentary photograph style,28.231719970703125,255.0,12.535394663642613,0,0,0.0,-1,,0.0,12.726516026660192,12.616219044125046
IMG112_10001,IMG112_10001,IMG112_10001.jpg,IMG112_10001.npy,0,-1,original_copy,,A green software icon sits next to a duck floating on water below a text.,,,,0.0,0.0,0.0,0,0,0.0,-1,,0.0,12.506170790126816,12.506170790126816
IMG112_10001_AUG000,IMG112_10001,IMG112_10001_AUG000.jpg,IMG112_10001_AUG000.npy,1,0,opencv_caption_style,1316701162,A green software icon sits next to a duck floating on water below a text.,"Photorealistic image edit of the same scene: A green software icon sits next to a duck floating on water below a text. Apply cinematic natural lighting, with small focal-length variation. Preserve scene structure, object identities, and spatial layout.",,cinematic natural lighting,33.40056228637695,255.0,12.859884500489443,0,0,0.0,-1,,0.0,12.506170790126816,12.385566311183993
IMG113_10101,IMG113_10101,IMG113_10101.jpg,IMG113_10101.npy,0,-1,original_copy,,A man points his finger at his head while looking at the camera below a text block.,,,,0.0,0.0,0.0,0,0,0.0,-1,,0.0,12.593652994009517,12.593652994009517
IMG113_10101_AUG000,IMG113_10101,IMG113_10101_AUG000.jpg,IMG113_10101_AUG000.npy,1,0,opencv_caption_style,1935338831,A man points his finger at his head while looking at the camera below a text block.,"Photorealistic image edit of the same scene: A man points his finger at his head while looking at the camera below a text block. Apply cinematic natural lighting, with subtle framing change. Preserve scene structure, object identities, and spatial layout.",,cinematic natural lighting,43.26010513305664,255.0,12.838914247830807,0,0,0.0,-1,,0.0,12.593652994009517,12.531024939038844
IMG114_10001,IMG114_10001,IMG114_10001.jpg,IMG114_10001.npy,0,-1,original_copy,,A digital keyboard displays many yellow thumbs up icons on a dark screen with a text block.,,,,0.0,0.0,0.0,0,0,0.0,-1,,0.0,13.145740890019624,13.145740890019624
IMG114_10001_AUG000,IMG114_10001,IMG114_10001_AUG000.jpg,IMG114_10001_AUG000.npy,1,0,opencv_caption_style,986520637,A digital keyboard displays many yellow thumbs up icons on a dark screen with a text block.,"Photorealistic image edit of the same scene: A digital keyboard displays many yellow thumbs up icons on a dark screen with a text block. Apply soft diffused lighting, with small focal-length variation. Preserve scene structure, object identities, and spatial layout.",,soft diffused lighting,23.008337020874023,255.0,13.014308447831354,0,0,0.0,-1,,0.0,13.145740890019624,13.105030826744951
IMG115_10001,IMG115_10001,IMG115_10001.jpg,IMG115_10001.npy,0,-1,original_copy,,A large red shrimp jumps toward a basketball hoop surrounded by orange flames.,,,,0.0,0.0,0.0,0,0,0.0,-1,,0.0,12.728630537924346,12.728630537924346
IMG115_10001_AUG000,IMG115_10001,IMG115_10001_AUG000.jpg,IMG115_10001_AUG000.npy,1,0,opencv_caption_style,197867473,A large red shrimp jumps toward a basketball hoop surrounded by orange flames.,"Photorealistic image edit of the same scene: A large red shrimp jumps toward a basketball hoop surrounded by orange flames. Apply clean studio-like lighting, with slightly shifted viewpoint. Preserve scene structure, object identities, and spatial layout.",,clean studio-like lighting,45.7211799621582,255.0,13.131517886623186,0,0,0.0,-1,,0.0,12.728630537924346,12.670913650410967
IMG117_10111,IMG117_10111,IMG117_10111.jpg,IMG117_10111.npy,0,-1,original_copy,,Two photographs show a man with blond hair and a dark suit jacket.,,,,0.0,0.0,0.0,0,0,0.0,-1,,0.0,12.637115667622766,12.637115667622766
IMG117_10111_AUG000,IMG117_10111,IMG117_10111_AUG000.jpg,IMG117_10111_AUG000.npy,1,0,opencv_caption_style,1769640377,Two photographs show a man with blond hair and a dark suit jacket.,"Photorealistic image edit of the same scene: Two photographs show a man with blond hair and a dark suit jacket. Apply clean studio-like lighting, with mild zoom variation. Preserve scene structure, object identities, and spatial layout.",,clean studio-like lighting,33.72177505493164,255.0,12.488500644206333,0,0,0.0,-1,,0.0,12.637115667622766,12.573016113126869
IMG119_10001,IMG119_10001,IMG119_10001.jpg,IMG119_10001.npy,0,-1,original_copy,,A carved wooden cabinet stands next to a plain white square shelf.,,,,0.0,0.0,0.0,0,0,0.0,-1,,0.0,12.883326996840879,12.883326996840879
IMG119_10001_AUG000,IMG119_10001,IMG119_10001_AUG000.jpg,IMG119_10001_AUG000.npy,1,0,opencv_caption_style,440668753,A carved wooden cabinet stands next to a plain white square shelf.,"Photorealistic image edit of the same scene: A carved wooden cabinet stands next to a plain white square shelf. Apply documentary photograph style, with small focal-length variation. Preserve scene structure, object identities, and spatial layout.",,documentary photograph style,40.43072509765625,255.0,12.999647724226271,0,0,0.0,-1,,0.0,12.883326996840879,12.858540926143405
IMG120_10001,IMG120_10001,IMG120_10001.jpg,IMG120_10001.npy,0,-1,original_copy,,A comic strip with speech bubbles and a man in a t-shirt talking to two people wearing bird-like masks.,,,,0.0,0.0,0.0,0,0,0.0,-1,,0.0,13.039551237030537,13.039551237030537
IMG120_10001_AUG000,IMG120_10001,IMG120_10001_AUG000.jpg,IMG120_10001_AUG000.npy,1,0,opencv_caption_style,1394847541,A comic strip with speech bubbles and a man in a t-shirt talking to two people wearing bird-like masks.,"Photorealistic image edit of the same scene: A comic strip with speech bubbles and a man in a t-shirt talking to two people wearing bird-like masks. Apply high dynamic range, with small focal-length variation. Preserve scene structure, object identities, and spatial layout.",,high dynamic range,64.42351531982422,255.0,12.987173611681083,0,0,0.0,-1,,0.0,13.039551237030537,12.986243620794994
IMG121_10101,IMG121_10101,IMG121_10101.jpg,IMG121_10101.npy,0,-1,original_copy,,A girl in a blue dress stands with her hands pressed against a wooden door below a text block.,,,,0.0,0.0,0.0,0,0,0.0,-1,,0.0,12.73223252683374,12.73223252683374
IMG121_10101_AUG000,IMG121_10101,IMG121_10101_AUG000.jpg,IMG121_10101_AUG000.npy,1,0,opencv_caption_style,696384454,A girl in a blue dress stands with her hands pressed against a wooden door below a text block.,"Photorealistic image edit of the same scene: A girl in a blue dress stands with her hands pressed against a wooden door below a text block. Apply slightly cool color grading, with subtle framing change. Preserve scene structure, object identities, and spatial layout.",,slightly cool color grading,45.43516159057617,255.0,13.047444323687955,0,0,0.0,-1,,0.0,12.73223252683374,12.72223651046761
IMG122_10111,IMG122_10111,IMG122_10111.jpg,IMG122_10111.npy,0,-1,original_copy,,Text in the top and bottom of the image with several men in robes surround a man on the ground holding onto a red cloak.,,,,0.0,0.0,0.0,0,0,0.0,-1,,0.0,12.712662743491364,12.712662743491364
IMG122_10111_AUG000,IMG122_10111,IMG122_10111_AUG000.jpg,IMG122_10111_AUG000.npy,1,0,opencv_caption_style,46653467,Text in the top and bottom of the image with several men in robes surround a man on the ground holding onto a red cloak.,"Photorealistic image edit of the same scene: Text in the top and bottom of the image with several men in robes surround a man on the ground holding onto a red cloak. Apply slightly cool color grading, with slightly shifted viewpoint. Preserve scene structure, object identities, and spatial layout.",,slightly cool color grading,45.020606994628906,250.0,13.13992955160927,0,0,0.0,-1,,0.0,12.712662743491364,12.691779667241008
IMG123_10111,IMG123_10111,IMG123_10111.jpg,IMG123_10111.npy,0,-1,original_copy,,A man in a suit appears above a drawing of a melted snowman with a carrot.,,,,0.0,0.0,0.0,0,0,0.0,-1,,0.0,12.56040273927556,12.56040273927556
IMG123_10111_AUG000,IMG123_10111,IMG123_10111_AUG000.jpg,IMG123_10111_AUG000.npy,1,0,opencv_caption_style,1734212074,A man in a suit appears above a drawing of a melted snowman with a carrot.,"Photorealistic image edit of the same scene: A man in a suit appears above a drawing of a melted snowman with a carrot. Apply clean studio-like lighting, with subtle framing change. Preserve scene structure, object identities, and spatial layout.",,clean studio-like lighting,41.93632125854492,255.0,12.826389704385136,0,0,0.0,-1,,0.0,12.56040273927556,12.518228956339044
IMG125_10001,IMG125_10001,IMG125_10001.jpg,IMG125_10001.npy,0,-1,original_copy,,"A horizontal bar chart features green, blue, and pink bars next to black text lines.",,,,0.0,0.0,0.0,0,0,0.0,-1,,0.0,12.68306652740739,12.68306652740739
IMG125_10001_AUG000,IMG125_10001,IMG125_10001_AUG000.jpg,IMG125_10001_AUG000.npy,1,0,opencv_caption_style,489621931,"A horizontal bar chart features green, blue, and pink bars next to black text lines.","Photorealistic image edit of the same scene: A horizontal bar chart features green, blue, and pink bars next to black text lines. Apply clean studio-like lighting, with mild zoom variation. Preserve scene structure, object identities, and spatial layout.",,clean studio-like lighting,37.57016372680664,255.0,12.386470134828379,0,0,0.0,-1,,0.0,12.68306652740739,12.597302961430614
IMG126_00011,IMG126_00011,IMG126_00011.jpg,IMG126_00011.npy,0,-1,original_copy,,Bold dark text and yellow cursive words are arranged in a square on a light background.,,,,0.0,0.0,0.0,0,0,0.0,-1,,0.0,12.415631279284753,12.415631279284753
IMG126_00011_AUG000,IMG126_00011,IMG126_00011_AUG000.jpg,IMG126_00011_AUG000.npy,1,0,opencv_caption_style,994490177,Bold dark text and yellow cursive words are arranged in a square on a light background.,"Photorealistic image edit of the same scene: Bold dark text and yellow cursive words are arranged in a square on a light background. Apply soft diffused lighting, with subtle framing change. Preserve scene structure, object identities, and spatial layout.",,soft diffused lighting,51.39820861816406,253.0,13.014628166976763,0,0,0.0,-1,,0.0,12.415631279284753,12.34101882801383
IMG127_00011,IMG127_00011,IMG127_00011.jpg,IMG127_00011.npy,0,-1,original_copy,,The damaged cockpit of a gray airplane sits in front of a flag on a pole below a headline.,,,,0.0,0.0,0.0,0,0,0.0,-1,,0.0,12.7699412517768,12.7699412517768
IMG127_00011_AUG000,IMG127_00011,IMG127_00011_AUG000.jpg,IMG127_00011_AUG000.npy,1,0,opencv_caption_style,1182251626,The damaged cockpit of a gray airplane sits in front of a flag on a pole below a headline.,"Photorealistic image edit of the same scene: The damaged cockpit of a gray airplane sits in front of a flag on a pole below a headline. Apply cinematic natural lighting, with mild zoom variation. Preserve scene structure, object identities, and spatial layout.",,cinematic natural lighting,47.92435836791992,255.0,12.966995409115668,0,0,0.0,-1,,0.0,12.7699412517768,12.762612833519825
IMG129_01001,IMG129_01001,IMG129_01001.jpg,IMG129_01001.npy,0,-1,original_copy,,Large black text is centered over a wide valley with a river and rolling hills.,,,,0.0,0.0,0.0,0,0,0.0,-1,,0.0,12.780870102864355,12.780870102864355
IMG129_01001_AUG000,IMG129_01001,IMG129_01001_AUG000.jpg,IMG129_01001_AUG000.npy,1,0,opencv_caption_style,1834054771,Large black text is centered over a wide valley with a river and rolling hills.,"Photorealistic image edit of the same scene: Large black text is centered over a wide valley with a river and rolling hills. Apply slightly warm color grading, with mild zoom variation. Preserve scene structure, object identities, and spatial layout.",,slightly warm color grading,35.738067626953125,255.0,13.034940735710052,0,0,0.0,-1,,0.0,12.780870102864355,12.709015060023603
IMG130_01001,IMG130_01001,IMG130_01001.jpg,IMG130_01001.npy,0,-1,original_copy,,White text is placed over a green field with a single heart-shaped tree on a hill.,,,,0.0,0.0,0.0,0,0,0.0,-1,,0.0,12.682158075452207,12.682158075452207
IMG130_01001_AUG000,IMG130_01001,IMG130_01001_AUG000.jpg,IMG130_01001_AUG000.npy,1,0,opencv_caption_style,478213717,White text is placed over a green field with a single heart-shaped tree on a hill.,"Photorealistic image edit of the same scene: White text is placed over a green field with a single heart-shaped tree on a hill. Apply slightly cool color grading, with small focal-length variation. Preserve scene structure, object identities, and spatial layout.",,slightly cool color grading,28.626070022583008,238.0,13.082267920076902,0,0,0.0,-1,,0.0,12.682158075452207,12.599256220187954
IMG131_00111,IMG131_00111,IMG131_00111.jpg,IMG131_00111.npy,0,-1,original_copy,,A person with braided hair stands in front of a stone wall with text.,,,,0.0,0.0,0.0,0,0,0.0,-1,,0.0,12.6054432970368,12.6054432970368
IMG131_00111_AUG000,IMG131_00111,IMG131_00111_AUG000.jpg,IMG131_00111_AUG000.npy,1,0,opencv_caption_style,1967912781,A person with braided hair stands in front of a stone wall with text.,"Photorealistic image edit of the same scene: A person with braided hair stands in front of a stone wall with text. Apply cinematic natural lighting, with small focal-length variation. Preserve scene structure, object identities, and spatial layout.",,cinematic natural lighting,38.18840789794922,255.0,13.085380306017896,0,0,0.0,-1,,0.0,12.6054432970368,12.567818122652625
IMG133_00101,IMG133_00101,IMG133_00101.jpg,IMG133_00101.npy,0,-1,original_copy,,A person with blonde tipped hair shouts near a large red and blue logo next to a headline.,,,,0.0,0.0,0.0,0,0,0.0,-1,,0.0,12.836995759611,12.836995759611
IMG133_00101_AUG000,IMG133_00101,IMG133_00101_AUG000.jpg,IMG133_00101_AUG000.npy,1,0,opencv_caption_style,1584205688,A person with blonde tipped hair shouts near a large red and blue logo next to a headline.,"Photorealistic image edit of the same scene: A person with blonde tipped hair shouts near a large red and blue logo next to a headline. Apply slightly cool color grading, with subtle framing change. Preserve scene structure, object identities, and spatial layout.",,slightly cool color grading,72.41389465332031,255.0,13.16503454688393,0,0,0.0,-1,,0.0,12.836995759611,12.810079530711391
IMG134_00111,IMG134_00111,IMG134_00111.jpg,IMG134_00111.npy,0,-1,original_copy,,Two people in camouflage uniforms carry long rifles through a dry field of brush.,,,,0.0,0.0,0.0,0,0,0.0,-1,,0.0,12.579275194125103,12.579275194125103
IMG134_00111_AUG000,IMG134_00111,IMG134_00111_AUG000.jpg,IMG134_00111_AUG000.npy,1,0,opencv_caption_style,605274726,Two people in camouflage uniforms carry long rifles through a dry field of brush.,"Photorealistic image edit of the same scene: Two people in camouflage uniforms carry long rifles through a dry field of brush. Apply cinematic natural lighting, with subtle framing change. Preserve scene structure, object identities, and spatial layout.",,cinematic natural lighting,61.05189514160156,255.0,12.771209331859755,0,0,0.0,-1,,0.0,12.579275194125103,12.58294801088141
IMG135_10111,IMG135_10111,IMG135_10111.jpg,IMG135_10111.npy,0,-1,original_copy,,A person on a billboard in a suit points a finger toward the viewer on a blue sign next to text. ,,,,0.0,0.0,0.0,0,0,0.0,-1,,0.0,13.037581445636533,13.037581445636533
IMG135_10111_AUG000,IMG135_10111,IMG135_10111_AUG000.jpg,IMG135_10111_AUG000.npy,1,0,opencv_caption_style,2054776138,A person on a billboard in a suit points a finger toward the viewer on a blue sign next to text. ,"Photorealistic image edit of the same scene: A person on a billboard in a suit points a finger toward the viewer on a blue sign next to text. Apply slightly warm color grading, with subtle framing change. Preserve scene structure, object identities, and spatial layout.",,slightly warm color grading,46.19857406616211,255.0,12.38145757006345,0,0,0.0,-1,,0.0,13.037581445636533,12.93535930537928
IMG136_00111,IMG136_00111,IMG136_00111.jpg,IMG136_00111.npy,0,-1,original_copy,,A person in a suit and tie points forward behind two black microphones next to text.,,,,0.0,0.0,0.0,0,0,0.0,-1,,0.0,12.64279384046381,12.64279384046381
IMG136_00111_AUG000,IMG136_00111,IMG136_00111_AUG000.jpg,IMG136_00111_AUG000.npy,1,0,opencv_caption_style,670005991,A person in a suit and tie points forward behind two black microphones next to text.,"Photorealistic image edit of the same scene: A person in a suit and tie points forward behind two black microphones next to text. Apply cinematic natural lighting, with small focal-length variation. Preserve scene structure, object identities, and spatial layout.",,cinematic natural lighting,56.946006774902344,255.0,13.062271922699978,0,0,0.0,-1,,0.0,12.64279384046381,12.586405556425461
IMG137_00111,IMG137_00111,IMG137_00111.jpg,IMG137_00111.npy,0,-1,original_copy,,A mural of a man is painted on a blue and yellow wall with text.,,,,0.0,0.0,0.0,0,0,0.0,-1,,0.0,12.638227184888365,12.638227184888365
IMG137_00111_AUG000,IMG137_00111,IMG137_00111_AUG000.jpg,IMG137_00111_AUG000.npy,1,0,opencv_caption_style,1373195492,A mural of a man is painted on a blue and yellow wall with text.,"Photorealistic image edit of the same scene: A mural of a man is painted on a blue and yellow wall with text. Apply high dynamic range, with subtle framing change. Preserve scene structure, object identities, and spatial layout.",,high dynamic range,51.333709716796875,255.0,13.144379963239196,0,0,0.0,-1,,0.0,12.638227184888365,12.610745577525904
IMG138_00111,IMG138_00111,IMG138_00111.jpg,IMG138_00111.npy,0,-1,original_copy,,A person in a dark suit holds a black microphone and looks toward the side.,,,,0.0,0.0,0.0,0,0,0.0,-1,,0.0,12.439144302180921,12.439144302180921
IMG138_00111_AUG000,IMG138_00111,IMG138_00111_AUG000.jpg,IMG138_00111_AUG000.npy,1,0,opencv_caption_style,252901241,A person in a dark suit holds a black microphone and looks toward the side.,"Photorealistic image edit of the same scene: A person in a dark suit holds a black microphone and looks toward the side. Apply documentary photograph style, with slightly shifted viewpoint. Preserve scene structure, object identities, and spatial layout.",,documentary photograph style,35.238739013671875,255.0,12.792052576375937,0,0,0.0,-1,,0.0,12.439144302180921,12.378517534078128
IMG139_00111,IMG139_00111,IMG139_00111.jpg,IMG139_00111.npy,0,-1,original_copy,,A person holds up a cardboard sign while standing near other people with flags.,,,,0.0,0.0,0.0,0,0,0.0,-1,,0.0,12.539301985515522,12.539301985515522
IMG139_00111_AUG000,IMG139_00111,IMG139_00111_AUG000.jpg,IMG139_00111_AUG000.npy,1,0,opencv_caption_style,2024318490,A person holds up a cardboard sign while standing near other people with flags.,"Photorealistic image edit of the same scene: A person holds up a cardboard sign while standing near other people with flags. Apply documentary photograph style, with slightly shifted viewpoint. Preserve scene structure, object identities, and spatial layout.",,documentary photograph style,75.93079376220703,255.0,13.134303740086011,0,0,0.0,-1,,0.0,12.539301985515522,12.513101673487654
IMG140_00111,IMG140_00111,IMG140_00111.jpg,IMG140_00111.npy,0,-1,original_copy,,A portrait of a man in a white collar is next to yellow text blocks.,,,,0.0,0.0,0.0,0,0,0.0,-1,,0.0,12.341622841817298,12.341622841817298
IMG140_00111_AUG000,IMG140_00111,IMG140_00111_AUG000.jpg,IMG140_00111_AUG000.npy,1,0,opencv_caption_style,303716120,A portrait of a man in a white collar is next to yellow text blocks.,"Photorealistic image edit of the same scene: A portrait of a man in a white collar is next to yellow text blocks. Apply high dynamic range, with mild zoom variation. Preserve scene structure, object identities, and spatial layout.",,high dynamic range,22.14778709411621,238.0,12.549441352499343,0,0,0.0,-1,,0.0,12.341622841817298,12.203903081896215
IMG141_10011,IMG141_10011,IMG141_10011.jpg,IMG141_10011.npy,0,-1,original_copy,,Two text blocks are above and below a light colored school building.,,,,0.0,0.0,0.0,0,0,0.0,-1,,0.0,13.068794822901054,13.068794822901054
IMG141_10011_AUG000,IMG141_10011,IMG141_10011_AUG000.jpg,IMG141_10011_AUG000.npy,1,0,opencv_caption_style,399901253,Two text blocks are above and below a light colored school building.,"Photorealistic image edit of the same scene: Two text blocks are above and below a light colored school building. Apply high dynamic range, with slightly shifted viewpoint. Preserve scene structure, object identities, and spatial layout.",,high dynamic range,58.03375244140625,255.0,12.921898520079695,0,0,0.0,-1,,0.0,13.068794822901054,13.008920813048007
IMG142_00001,IMG142_00001,IMG142_00001.jpg,IMG142_00001.npy,0,-1,original_copy,,Black capital letters are printed on a plain white background in a centered vertical arrangement.,,,,0.0,0.0,0.0,0,0,0.0,-1,,0.0,13.037954524921588,13.037954524921588
IMG142_00001_AUG000,IMG142_00001,IMG142_00001_AUG000.jpg,IMG142_00001_AUG000.npy,1,0,opencv_caption_style,1751108504,Black capital letters are printed on a plain white background in a centered vertical arrangement.,"Photorealistic image edit of the same scene: Black capital letters are printed on a plain white background in a centered vertical arrangement. Apply high dynamic range, with small focal-length variation. Preserve scene structure, object identities, and spatial layout.",,high dynamic range,22.343229293823242,255.0,11.929011578366268,0,0,0.0,-1,,0.0,13.037954524921588,12.862181915133988
IMG143_00001,IMG143_00001,IMG143_00001.jpg,IMG143_00001.npy,0,-1,original_copy,,Dark text and a red word are displayed over a textured blue and tan background.,,,,0.0,0.0,0.0,0,0,0.0,-1,,0.0,12.897824656428156,12.897824656428156
IMG143_00001_AUG000,IMG143_00001,IMG143_00001_AUG000.jpg,IMG143_00001_AUG000.npy,1,0,opencv_caption_style,970411432,Dark text and a red word are displayed over a textured blue and tan background.,"Photorealistic image edit of the same scene: Dark text and a red word are displayed over a textured blue and tan background. Apply slightly cool color grading, with mild zoom variation. Preserve scene structure, object identities, and spatial layout.",,slightly cool color grading,65.13351440429688,255.0,13.263272823606258,0,0,0.0,-1,,0.0,12.897824656428156,12.876058972308101
IMG144_00001,IMG144_00001,IMG144_00001.jpg,IMG144_00001.npy,0,-1,original_copy,,White paragraphs of text are positioned on a solid black background in a vertical list.,,,,0.0,0.0,0.0,0,0,0.0,-1,,0.0,12.76406826374,12.76406826374
IMG144_00001_AUG000,IMG144_00001,IMG144_00001_AUG000.jpg,IMG144_00001_AUG000.npy,1,0,opencv_caption_style,545481712,White paragraphs of text are positioned on a solid black background in a vertical list.,"Photorealistic image edit of the same scene: White paragraphs of text are positioned on a solid black background in a vertical list. Apply soft diffused lighting, with slightly shifted viewpoint. Preserve scene structure, object identities, and spatial layout.",,soft diffused lighting,50.41496276855469,255.0,12.527442112465174,0,0,0.0,-1,,0.0,12.76406826374,12.725223229213043
IMG145_00011,IMG145_00011,IMG145_00011.jpg,IMG145_00011.npy,0,-1,original_copy,,Black and green text is arranged vertically on a white background with a name below.,,,,0.0,0.0,0.0,0,0,0.0,-1,,0.0,12.997375042104977,12.997375042104977
IMG145_00011_AUG000,IMG145_00011,IMG145_00011_AUG000.jpg,IMG145_00011_AUG000.npy,1,0,opencv_caption_style,1469532724,Black and green text is arranged vertically on a white background with a name below.,"Photorealistic image edit of the same scene: Black and green text is arranged vertically on a white background with a name below. Apply slightly warm color grading, with mild zoom variation. Preserve scene structure, object identities, and spatial layout.",,slightly warm color grading,23.41602897644043,255.0,12.108959634729558,0,0,0.0,-1,,0.0,12.997375042104977,12.839504009916254
IMG146_10001,IMG146_10001,IMG146_10001.jpg,IMG146_10001.npy,0,-1,original_copy,,White text is displayed on a dark background next to a small circular profile icon.,,,,0.0,0.0,0.0,0,0,0.0,-1,,0.0,12.959355418779523,12.959355418779523
IMG146_10001_AUG000,IMG146_10001,IMG146_10001_AUG000.jpg,IMG146_10001_AUG000.npy,1,0,opencv_caption_style,178828087,White text is displayed on a dark background next to a small circular profile icon.,"Photorealistic image edit of the same scene: White text is displayed on a dark background next to a small circular profile icon. Apply documentary photograph style, with slightly shifted viewpoint. Preserve scene structure, object identities, and spatial layout.",,documentary photograph style,35.44784927368164,255.0,12.788639202103788,0,0,0.0,-1,,0.0,12.959355418779523,12.920755527695746
IMG147_10001,IMG147_10001,IMG147_10001.jpg,IMG147_10001.npy,0,-1,original_copy,,Green and white chat bubbles containing German text are displayed in a digital messaging interface.,,,,0.0,0.0,0.0,0,0,0.0,-1,,0.0,12.738017537546284,12.738017537546284
IMG147_10001_AUG000,IMG147_10001,IMG147_10001_AUG000.jpg,IMG147_10001_AUG000.npy,1,0,opencv_caption_style,1605838182,Green and white chat bubbles containing German text are displayed in a digital messaging interface.,"Photorealistic image edit of the same scene: Green and white chat bubbles containing German text are displayed in a digital messaging interface. Apply soft diffused lighting, with small focal-length variation. Preserve scene structure, object identities, and spatial layout.",,soft diffused lighting,34.50096893310547,255.0,12.262871948485818,0,0,0.0,-1,,0.0,12.738017537546284,12.666909357692703
IMG149_10001,IMG149_10001,IMG149_10001.jpg,IMG149_10001.npy,0,-1,original_copy,,Large black German text is centered on a white background with a small vertical menu.,,,,0.0,0.0,0.0,0,0,0.0,-1,,0.0,12.854327919395246,12.854327919395246
IMG149_10001_AUG000,IMG149_10001,IMG149_10001_AUG000.jpg,IMG149_10001_AUG000.npy,1,0,opencv_caption_style,1893502850,Large black German text is centered on a white background with a small vertical menu.,"Photorealistic image edit of the same scene: Large black German text is centered on a white background with a small vertical menu. Apply slightly cool color grading, with slightly shifted viewpoint. Preserve scene structure, object identities, and spatial layout.",,slightly cool color grading,34.466495513916016,255.0,12.28320068939329,0,0,0.0,-1,,0.0,12.854327919395246,12.78738455180337
IMG150_10011,IMG150_10011,IMG150_10011.jpg,IMG150_10011.npy,0,-1,original_copy,,A profile icon of a dog is visible next to multiple lines of social media text.,,,,0.0,0.0,0.0,0,0,0.0,-1,,0.0,13.130314649059073,13.130314649059073
IMG150_10011_AUG000,IMG150_10011,IMG150_10011_AUG000.jpg,IMG150_10011_AUG000.npy,1,0,opencv_caption_style,2076059924,A profile icon of a dog is visible next to multiple lines of social media text.,"Photorealistic image edit of the same scene: A profile icon of a dog is visible next to multiple lines of social media text. Apply cinematic natural lighting, with subtle framing change. Preserve scene structure, object identities, and spatial layout.",,cinematic natural lighting,42.282066345214844,255.0,12.414472889170648,0,0,0.0,-1,,0.0,13.130314649059073,13.078914106913544
IMG152_10011,IMG152_10011,IMG152_10011.jpg,IMG152_10011.npy,0,-1,original_copy,,A circular logo with letters and a blue icon sit above lines of printed text.,,,,0.0,0.0,0.0,0,0,0.0,-1,,0.0,12.932142253198435,12.932142253198435
IMG152_10011_AUG000,IMG152_10011,IMG152_10011_AUG000.jpg,IMG152_10011_AUG000.npy,1,0,opencv_caption_style,650200082,A circular logo with letters and a blue icon sit above lines of printed text.,"Photorealistic image edit of the same scene: A circular logo with letters and a blue icon sit above lines of printed text. Apply slightly warm color grading, with slightly shifted viewpoint. Preserve scene structure, object identities, and spatial layout.",,slightly warm color grading,50.39320373535156,255.0,12.830880319358826,0,0,0.0,-1,,0.0,12.932142253198435,12.920940087369445
